House_ID,Neighborhood,Property_type,Rooms,Surface,Elevator,Floor_type,Floor_number,Outdoor_surface,Rent
103501,Cassia,Flat,2,65,0,Upper,2,130.27,900
105122,Collatino,Flat,2,30,1,Ground floor,0,222.69,500
104125,Collatino,Flat,3,80,1,Upper,4,436.01,950
104675,Infernetto,Flat,3,75,0,Upper,2,308.94,800
102481,Ostia,Flat,3,70,1,Ground floor,0,395.73,800
103133,Magliana,Flat,2,60,1,Upper,3,601.75,650
103095,Cassia,Flat,3,85,1,Upper,2,253.34,1150
104367,Prati,Flat,5,130,0,Upper,5,1024.27,2000
104969,Cinecittà,House,3,70,1,Upper,1,86.96,800
102566,Cinecittà,Flat,2,50,0,Ground floor,0,265.75,550
104696,Piazza Navona,Flat,2,60,1,Upper,2,555.00,1500
103742,Castelli Romani,Flat,4,95,1,Upper,3,527.77,1000
103705,Piazza Navona,Flat,3,60,1,Ground floor,0,569.53,1600
105117,Trastevere,Flat,2,65,0,Upper,1,625.56,1400
103961,Piazza Navona,Flat,3,65,1,Upper,6,491.45,1550
104144,Cinecittà,Flat,2,60,0,Upper,4,10.00,700
105578,Castelli Romani,Flat,5,65,1,Upper,1,312.62,700
103889,Piazza Navona,Flat,3,70,0,Upper,1,829.09,1500
103551,Piazza Navona,Flat,3,80,0,Upper,3,766.95,1650
105950,Montagnola,Flat,4,135,0,Upper,3,412.89,1350
102256,Monte sacro,Flat,3,85,1,Upper,7,398.96,1000
102771,Marconi,Flat,3,90,0,Upper,1,459.84,1000
103317,Prati,Flat,2,45,1,Upper,2,511.60,1000
104834,Marconi,Flat,2,50,0,Upper,5,133.03,750
102907,Infernetto,Flat,2,50,1,Upper,1,308.78,550
103932,Collatino,Flat,4,100,1,Upper,2,409.09,1000
104599,Monte sacro,Flat,2,60,1,Upper,7,303.62,850
105793,Cassia,Flat,3,65,0,Mezzanine,"0.5",389.44,1050
103616,Parioli,Flat,3,110,1,Upper,4,534.64,1500
105528,Collatino,Flat,3,80,1,Upper,5,231.84,850
105331,Monti,Flat,2,60,1,Upper,2,528.68,1000
105048,Cinecittà,Flat,2,65,1,Upper,1,305.88,750
103583,Prati,Flat,3,85,1,Upper,1,399.33,1200
103031,Infernetto,Flat,2,60,1,Upper,3,10.00,700
103343,Collatino,Flat,2,75,0,Upper,5,167.30,750
103180,Aventino,Flat,3,75,0,Upper,1,527.92,1450
105191,Parioli,Flat,4,105,1,Upper,3,460.93,1500
104664,Piazza Navona,Flat,5,100,0,Upper,4,687.92,1900
103624,Ostia,Flat,3,75,0,Upper,3,375.10,750
104608,Prati,Flat,2,40,1,Upper,1,244.12,750
105355,Trastevere,Flat,3,90,1,Upper,1,327.76,1350
102028,Castelli Romani,Flat,2,60,1,Upper,3,44.59,450
103198,Termini,Flat,3,75,1,Upper,1,329.63,1000
104904,Magliana,Flat,3,20,1,Ground floor,0,337.95,400
103987,Castelli Romani,Flat,2,65,1,Upper,2,50.40,600
105343,Monte sacro,Flat,2,40,0,Upper,7,453.64,700
102349,Parioli,Flat,4,95,0,Upper,4,530.14,1450
103463,Cinecittà,Flat,2,55,0,Upper,3,50.72,700
104995,Cassia,Flat,3,55,0,Upper,5,352.94,800
102161,Prati,Flat,3,65,0,Upper,5,633.50,1200
104799,Termini,House,3,110,1,Upper,1,481.77,1300
102602,Termini,Flat,2,50,1,Upper,2,405.21,900
103806,Parioli,Flat,2,60,0,Mezzanine,"0.5",371.59,1100
105939,Cassia,Penthouse,3,65,1,Upper,5,456.76,1200
103980,Castelli Romani,Flat,3,65,1,Upper,1,410.81,450
104399,Parioli,Flat,3,85,0,Upper,2,567.43,1200
104856,Collatino,Flat,3,80,1,Upper,8,143.53,800
102437,Piazza Navona,Flat,3,90,1,Upper,1,1133.08,1800
104020,Monte sacro,Flat,2,60,0,Upper,1,149.65,750
104196,Parioli,Flat,4,110,1,Upper,5,778.04,1600
103452,Collatino,Flat,3,70,0,Upper,8,335.08,750
103418,Parioli,Flat,2,70,0,Upper,5,400.09,1100
102701,Montagnola,Flat,2,65,1,Upper,3,350.73,900
103004,Cinecittà,Flat,2,65,0,Upper,1,254.30,750
102426,Castelli Romani,Flat,2,50,1,Upper,1,304.05,400
104318,Castelli Romani,Flat,2,85,1,Mezzanine,"0.5",147.30,600
105201,Monte sacro,Flat,2,45,1,Upper,1,102.90,650
102105,Prati,Flat,3,80,0,Ground floor,0,566.85,1300
105897,Parioli,Flat,3,85,1,Mezzanine,"0.5",747.26,1350
103507,Cinecittà,Flat,3,90,1,Upper,1,371.15,1050
105650,Termini,Flat,2,70,1,Mezzanine,"0.5",533.91,900
104315,Parioli,Flat,3,100,1,Upper,5,663.76,1600
103449,Castelli Romani,Flat,3,90,1,Upper,1,480.38,800
104810,Castelli Romani,Flat,3,110,1,Upper,1,463.17,950
104914,Infernetto,Flat,4,85,1,Upper,2,338.09,750
103293,Cinecittà,Flat,3,70,0,Upper,3,404.69,800
105832,Prati,Flat,3,150,1,Upper,3,921.02,2200
102049,Cinecittà,Flat,3,85,1,Upper,6,319.54,850
105827,Parioli,Flat,3,100,1,Mezzanine,"0.5",454.17,1550
103258,Cinecittà,Flat,2,65,0,Upper,8,73.08,800
102050,Monte sacro,Flat,3,70,1,Ground floor,0,386.43,750
105949,Cinecittà,Flat,3,90,1,Upper,3,256.09,750
102661,Prati,Flat,2,45,0,Upper,1,448.76,900
103210,Prati,Flat,2,55,0,Upper,6,474.09,1200
105699,Termini,Flat,4,95,1,Upper,5,363.75,1200
102882,Monte sacro,Flat,2,65,1,Upper,1,643.57,800
104769,Aventino,Flat,2,70,0,Upper,1,676.92,1300
103604,Parioli,Flat,2,70,0,Upper,1,479.03,1200
105513,Cassia,Flat,3,90,1,Ground floor,0,413.11,1100
104444,Cinecittà,Flat,2,60,1,Upper,6,492.02,800
102999,Parioli,Flat,3,105,1,Mezzanine,"0.5",578.25,1500
104629,Cinecittà,Flat,3,95,0,Upper,4,512.09,900
102849,Castelli Romani,Flat,3,65,1,Upper,3,294.77,500
102328,Monti,Flat,2,65,0,Upper,2,296.77,1200
103976,Montagnola,Flat,2,60,1,Upper,2,398.29,850
102984,Collatino,Flat,2,70,1,Upper,10,395.94,700
103080,Collatino,Flat,2,65,1,Upper,2,326.26,700
104540,Prati,Flat,3,90,1,Upper,4,626.51,1300
105870,Piazza Navona,Flat,4,105,0,Upper,2,1134.45,2100
103002,Monte sacro,Flat,3,100,1,Upper,4,423.16,1250
104942,Trigoria,Flat,3,55,1,Upper,1,498.89,550
103753,Collatino,Flat,3,75,1,Upper,4,294.01,750
103625,Castelli Romani,Flat,2,50,1,Ground floor,0,309.31,450
104932,Monti,Flat,2,45,0,Upper,1,217.54,1100
103885,Termini,Flat,2,60,1,Upper,2,449.36,900
104936,Castelli Romani,Flat,2,55,0,Upper,1,322.36,600
104432,Monte sacro,Flat,2,45,0,Ground floor,0,163.03,600
103556,Parioli,Flat,3,120,1,Upper,4,757.87,1600
102154,Trigoria,Flat,2,45,0,Ground floor,0,285.48,550
105492,Collatino,Flat,3,90,1,Upper,5,488.43,1000
105180,Cinecittà,Flat,3,80,1,Upper,1,346.93,700
105088,Prati,Flat,3,70,1,Upper,8,342.73,1100
105152,Parioli,Flat,2,75,1,Upper,1,372.90,1000
102254,Cassia,Flat,5,100,1,Ground floor,0,301.52,1300
104357,Monte sacro,Flat,3,55,1,Upper,1,248.82,650
102369,Parioli,Flat,5,160,1,Upper,3,987.85,2250
103602,Prati,Flat,2,50,0,Mezzanine,"0.5",456.47,900
103557,Piazza Navona,Flat,2,50,1,Upper,4,672.71,1300
104966,Infernetto,Flat,2,40,1,Ground floor,0,302.07,550
101987,Monte sacro,Flat,2,50,1,Upper,3,10.00,600
104151,Prati,Flat,4,90,1,Upper,1,625.74,1400
103407,EUR,Flat,2,50,1,Upper,4,111.35,650
104469,Piazza Navona,Flat,3,90,1,Upper,1,815.40,1750
104764,Monte sacro,Flat,4,115,1,Upper,3,477.42,1200
102493,Trigoria,Flat,2,50,1,Upper,1,81.77,500
105459,Parioli,Flat,2,65,1,Upper,1,164.95,900
105868,Parioli,Flat,3,125,1,Upper,5,982.01,1950
104962,Cinecittà,Flat,2,35,1,Ground floor,0,482.51,550
103103,Termini,Flat,3,90,1,Upper,1,452.05,1200
102079,Collatino,Flat,4,90,1,Upper,1,405.96,1000
102229,Collatino,Flat,3,75,1,Upper,8,223.39,800
104687,Trastevere,Flat,3,55,1,Upper,2,377.40,1100
102967,Parioli,Flat,6,130,1,Upper,2,646.12,1900
102063,Piazza Navona,Flat,2,60,1,Upper,1,572.26,1400
105236,Termini,Flat,3,95,1,Upper,3,481.31,1200
104229,Infernetto,Flat,3,60,1,Upper,5,186.18,550
102818,Prati,Flat,3,105,1,Upper,5,716.54,1650
103998,Piazza Navona,Flat,2,70,0,Upper,1,573.97,1500
105348,Cassia,Flat,2,35,0,Mezzanine,"0.5",365.13,400
105373,Cassia,Flat,2,50,1,Upper,1,356.90,1000
104945,Piazza Navona,Flat,2,65,0,Upper,1,594.30,1400
102183,Collatino,Flat,2,70,1,Upper,1,391.57,750
103059,Monte sacro,Flat,3,80,1,Upper,1,282.78,700
104549,Castelli Romani,Flat,4,95,1,Upper,1,323.61,750
103225,Castelli Romani,Flat,3,70,1,Upper,1,23.41,650
104915,Testaccio,Flat,2,55,1,Upper,2,277.20,850
104938,Prati,Flat,2,60,0,Upper,4,579.25,950
103280,Cinecittà,Flat,3,75,0,Upper,7,337.99,800
104716,Trastevere,Flat,3,70,1,Upper,1,583.07,1200
102299,Collatino,Flat,2,60,1,Upper,3,294.18,650
104111,Ostia,Flat,3,55,1,Ground floor,0,503.98,750
105745,Trastevere,Flat,2,45,1,Upper,2,216.25,850
104725,Montagnola,Flat,3,65,1,Upper,1,161.07,700
103882,Cinecittà,Flat,2,50,1,Upper,3,326.44,650
103269,Prati,Flat,2,65,0,Upper,5,506.36,1100
105548,Termini,Flat,2,60,0,Mezzanine,"0.5",496.82,1200
104314,Castelli Romani,Flat,2,45,1,Upper,2,243.69,450
103791,Parioli,Flat,3,75,1,Ground floor,0,329.15,1100
104795,Castelli Romani,Flat,3,70,1,Ground floor,0,333.92,450
103398,Cassia,Flat,4,130,1,Upper,3,621.98,1500
104947,Castelli Romani,Flat,2,55,1,Upper,1,262.73,400
104448,Parioli,Flat,3,90,1,Upper,4,559.20,1500
103186,Collatino,Flat,2,70,0,Upper,1,509.86,700
104297,Monti,Flat,2,35,1,Upper,3,235.40,800
104933,Cinecittà,Flat,4,85,1,Upper,4,408.18,1050
105623,Trastevere,Flat,3,80,1,Ground floor,0,323.52,1200
105381,Cinecittà,Flat,3,70,0,Upper,1,246.48,950
103026,Prati,Flat,2,75,1,Upper,4,452.52,1200
104271,Parioli,Flat,5,200,0,Upper,2,1030.03,2400
102139,Cinecittà,Flat,2,55,1,Upper,4,249.63,600
102344,Parioli,Flat,2,45,1,Ground floor,0,223.53,900
105890,Cassia,Flat,2,50,1,Upper,2,381.07,1000
102596,Marconi,Flat,3,100,1,Upper,1,413.80,1100
103370,Prati,Flat,3,80,0,Upper,1,608.44,1200
102090,Infernetto,Flat,2,70,0,Upper,1,184.59,650
102655,Parioli,Flat,3,60,1,Upper,1,276.12,1100
104973,Cinecittà,Flat,3,70,0,Ground floor,0,136.36,600
102480,Collatino,Flat,3,90,1,Upper,2,61.93,900
105462,Prati,Flat,2,55,0,Mezzanine,"0.5",190.98,1200
102552,Aventino,Flat,3,105,1,Upper,2,884.75,1750
103212,Collatino,Flat,3,70,1,Ground floor,0,518.97,700
104341,Aventino,Flat,2,45,0,Ground floor,0,298.85,950
104057,Parioli,Flat,3,80,1,Upper,4,469.38,1200
104427,Cinecittà,Flat,3,80,0,Upper,1,204.40,700
102383,Cassia,Flat,2,65,1,Upper,1,442.19,900
103224,Prati,Flat,2,45,1,Upper,1,304.88,900
105227,Castelli Romani,Flat,4,100,0,Upper,1,275.16,800
102104,Monte sacro,Flat,3,85,1,Upper,6,347.49,1000
104515,Montagnola,Flat,3,70,1,Ground floor,0,76.72,750
105271,Monte sacro,Flat,2,55,1,Ground floor,0,347.20,650
103382,Parioli,Flat,3,80,1,Upper,2,359.66,1300
104852,Castelli Romani,Flat,2,60,1,Upper,1,529.54,700
104653,Castelli Romani,Flat,2,60,1,Ground floor,0,398.67,600
103688,Piazza Navona,Flat,2,60,1,Upper,4,640.67,1500
102838,Monte sacro,Flat,3,65,1,Upper,5,10.00,750
105279,EUR,Flat,2,65,1,Upper,3,350.05,950
102088,Infernetto,Flat,2,50,1,Ground floor,0,305.04,500
104514,Castelli Romani,Flat,2,70,0,Upper,1,305.30,700
103668,Cinecittà,Flat,2,80,1,Upper,5,195.41,750
105047,Piazza Navona,Flat,2,45,0,Upper,2,704.36,1200
105205,Cinecittà,Flat,3,90,1,Upper,2,379.55,800
104597,Infernetto,Flat,2,85,0,Mezzanine,"0.5",246.26,750
103136,Infernetto,Flat,2,45,1,Ground floor,0,485.49,550
102004,Monte sacro,Flat,2,50,0,Upper,4,294.67,650
102474,Monte sacro,Flat,2,50,0,Ground floor,0,253.72,600
104252,Cinecittà,Flat,2,85,1,Upper,4,337.63,800
103868,Monti,Flat,2,70,1,Upper,2,683.46,1350
104493,Trigoria,Flat,2,45,0,Upper,1,262.00,550
102942,Montagnola,Flat,4,115,0,Upper,1,509.95,1250
104888,Cassia,Flat,5,125,0,Upper,3,648.22,1500
103490,Piazza Navona,Flat,3,85,1,Upper,1,964.43,1700
105157,Castelli Romani,Flat,3,75,1,Upper,1,283.90,750
102010,Castelli Romani,Flat,3,75,1,Upper,2,81.20,650
102336,Parioli,Flat,3,90,1,Upper,4,495.55,1450
103927,Collatino,Flat,3,60,1,Ground floor,0,186.32,650
104203,Termini,Flat,5,100,1,Upper,5,749.30,1500
103362,Monte sacro,Flat,3,70,1,Upper,2,417.64,750
104227,Termini,Flat,2,55,0,Upper,2,304.75,950
102806,Cassia,Flat,5,150,0,Upper,2,820.93,1850
104476,Piazza Navona,Flat,2,65,1,Upper,2,553.65,1450
102522,Cinecittà,Flat,2,65,1,Upper,5,84.46,700
103017,Castelli Romani,Flat,3,80,1,Upper,1,139.90,750
102992,Collatino,Flat,2,75,1,Upper,3,130.27,800
105358,Prati,Flat,3,85,1,Upper,3,491.40,1200
105522,Piazza Navona,Flat,2,80,1,Upper,2,888.89,1800
103332,Infernetto,Flat,3,50,1,Upper,1,216.42,600
104051,Prati,Flat,3,90,0,Upper,6,449.62,1300
104792,Piazza Navona,Flat,3,60,0,Upper,2,758.47,1600
103496,Castelli Romani,Flat,2,35,1,Upper,1,84.23,350
104712,Infernetto,Penthouse,4,110,1,Upper,2,102.72,950
105952,Marconi,Flat,3,100,1,Upper,8,357.22,1000
102980,Portuense,Flat,2,75,1,Upper,2,329.78,800
103278,Prati,Flat,3,70,1,Upper,5,376.47,1300
105143,Cinecittà,Flat,3,100,1,Upper,7,151.00,900
102953,Castelli Romani,Flat,4,70,0,Upper,1,173.98,700
105439,Trastevere,Flat,2,50,0,Upper,1,287.05,1200
103181,Parioli,Flat,3,95,1,Upper,1,524.49,1400
104091,Prati,Flat,3,90,0,Upper,1,582.70,1500
104348,Cassia,Flat,2,70,1,Mezzanine,"0.5",324.67,850
103478,Monti,Flat,2,80,1,Upper,2,617.80,1300
103734,Montagnola,Flat,2,70,1,Upper,2,286.72,800
103537,Castelli Romani,Penthouse,2,60,1,Upper,1,291.71,550
102937,Monti,Flat,3,75,0,Upper,6,615.53,1400
102357,Parioli,Flat,3,90,1,Upper,2,337.33,1350
104459,Trastevere,Flat,2,50,1,Upper,3,336.35,1000
102571,Monte sacro,Flat,3,65,1,Upper,3,157.10,800
102384,Piazza Navona,Flat,2,60,1,Upper,4,473.36,1500
105084,Cinecittà,Flat,3,75,0,Upper,1,266.56,700
104745,Trigoria,Flat,2,40,1,Ground floor,0,362.04,600
104014,EUR,Flat,3,100,1,Upper,3,533.87,1200
103879,Marconi,Flat,2,50,1,Upper,2,311.99,700
102355,Marconi,Flat,2,60,0,Upper,6,446.84,750
105327,Cassia,Flat,2,35,1,Upper,3,207.73,500
104979,Prati,Flat,4,100,1,Upper,3,478.02,1400
103842,Trastevere,Flat,2,50,0,Upper,1,309.67,1000
104431,Cinecittà,Flat,2,55,1,Mezzanine,"0.5",178.87,650
104926,Trastevere,Flat,2,75,1,Upper,1,274.13,1300
102337,Cassia,Flat,2,65,0,Upper,2,493.05,950
105884,Prati,Flat,4,115,1,Upper,3,596.27,1500
104238,Monte sacro,Flat,2,50,1,Ground floor,0,259.59,750
105557,Infernetto,Flat,2,35,1,Ground floor,0,165.80,550
104765,Piazza Navona,Flat,2,70,1,Upper,3,735.59,1700
105057,Prati,Penthouse,4,80,1,Upper,2,547.02,1500
105679,Piazza Navona,Flat,2,60,1,Upper,2,621.50,1300
105540,Cassia,Flat,2,90,0,Ground floor,0,310.08,1300
104218,Piazza Navona,Flat,3,75,0,Upper,3,756.01,1600
104255,Trastevere,Flat,2,65,1,Upper,1,467.49,1200
102594,Marconi,Flat,2,55,0,Upper,7,429.58,800
103477,Castelli Romani,Flat,2,35,0,Upper,1,367.01,350
103350,Parioli,Flat,4,85,0,Upper,4,649.35,1250
102201,Parioli,Flat,3,80,0,Upper,4,508.42,1300
105895,Piazza Navona,Flat,3,70,1,Mezzanine,"0.5",684.07,1800
103589,Prati,Flat,3,75,1,Upper,4,610.67,1150
104194,Collatino,Flat,2,70,0,Upper,1,145.95,750
105657,Trastevere,Flat,2,55,1,Ground floor,0,400.22,1000
103914,Cinecittà,Flat,3,90,0,Upper,5,265.33,900
101990,Collatino,Flat,2,75,1,Upper,3,312.11,800
105644,Montagnola,Flat,2,60,1,Upper,2,562.14,900
103453,Trigoria,Flat,2,50,0,Upper,1,311.58,600
105604,Cinecittà,Flat,2,75,0,Upper,5,318.68,750
105482,Monti,Flat,2,50,1,Mezzanine,"0.5",451.70,1200
102831,Infernetto,Flat,2,75,0,Upper,2,307.83,700
104616,Castelli Romani,Flat,3,80,0,Upper,1,409.69,850
103798,Piazza Navona,Flat,3,105,1,Upper,1,1010.63,2050
102169,Trigoria,Flat,2,55,1,Upper,3,138.00,650
102767,Parioli,Flat,2,50,1,Upper,1,248.45,900
105244,Monte sacro,Flat,3,65,1,Ground floor,0,279.60,750
104893,Piazza Navona,Flat,2,50,0,Upper,3,602.75,1300
104186,Cinecittà,Flat,2,60,0,Upper,1,327.63,750
102293,Prati,Flat,3,90,0,Upper,5,570.23,1450
102248,Cassia,Flat,2,45,0,Upper,2,46.30,750
103161,Monte sacro,Flat,2,80,1,Upper,1,159.50,850
105866,Piazza Navona,Flat,4,85,0,Upper,2,1084.04,2000
105192,Prati,Flat,3,85,1,Upper,2,399.63,1200
103367,Cinecittà,Flat,2,40,1,Ground floor,0,389.20,600
105064,Parioli,Flat,5,190,1,Upper,2,1138.87,2350
103820,Monte sacro,Flat,2,65,1,Upper,6,235.46,850
102783,Marconi,Penthouse,3,80,1,Upper,8,158.88,1000
104551,EUR,Flat,3,70,0,Upper,5,328.63,1000
103953,Cassia,Flat,3,70,1,Upper,1,246.55,900
102153,Cassia,Flat,2,85,1,Ground floor,0,265.81,1100
104816,Monti,Flat,3,85,0,Ground floor,0,491.94,1350
105648,Parioli,Flat,2,55,1,Upper,3,426.45,700
105615,Piazza Navona,Flat,2,50,1,Ground floor,0,665.60,1200
105324,Cinecittà,Flat,4,105,0,Upper,1,116.18,950
105378,Castelli Romani,Flat,2,50,0,Upper,1,199.42,600
105497,Piazza Navona,Flat,2,40,1,Upper,3,573.67,1500
104025,Prati,Flat,3,105,0,Ground floor,0,601.77,1400
103006,EUR,Flat,2,60,0,Upper,4,418.21,900
102424,Piazza Navona,Flat,4,125,0,Upper,3,1148.67,2350
103153,Parioli,Flat,3,80,1,Mezzanine,"0.5",464.62,1200
105229,Marconi,Flat,2,60,1,Upper,6,139.47,900
103519,Prati,Flat,2,65,1,Upper,1,344.29,1200
104361,Parioli,Flat,4,185,1,Upper,3,971.67,2200
102306,Testaccio,Flat,2,65,0,Upper,2,311.04,1050
102698,Infernetto,Flat,3,75,0,Upper,1,66.54,700
104807,Prati,Flat,3,85,1,Upper,3,382.20,1350
105491,Piazza Navona,Flat,3,85,1,Upper,2,761.72,1600
102467,Trigoria,Flat,2,50,0,Upper,5,107.77,650
104511,Prati,Flat,3,80,1,Upper,3,402.38,1200
103423,Prati,Flat,5,140,1,Upper,3,830.51,2000
102304,Marconi,Flat,3,75,0,Upper,3,366.79,900
103313,Magliana,Flat,2,75,1,Upper,1,191.87,700
102677,Cassia,Flat,2,45,1,Ground floor,0,121.35,700
103975,Castelli Romani,House,3,85,1,Upper,1,177.67,650
102433,Cinecittà,Flat,3,60,0,Upper,4,377.30,700
105132,Piazza Navona,Flat,3,90,1,Upper,3,1092.63,2000
104181,Cinecittà,Flat,4,85,1,Upper,3,389.11,850
105532,Piazza Navona,Flat,3,105,1,Upper,2,828.43,1800
102541,Testaccio,Flat,4,125,1,Upper,3,669.85,1700
105155,Cinecittà,Flat,3,100,0,Upper,2,398.00,900
102060,Infernetto,Flat,2,50,1,Ground floor,0,403.97,500
105390,Castelli Romani,Flat,2,35,1,Upper,1,433.27,450
103951,Prati,Flat,5,130,0,Upper,2,713.75,1950
102794,Prati,Flat,3,85,1,Upper,2,447.35,1400
104707,Prati,Flat,4,110,1,Upper,2,914.59,1500
102228,Infernetto,Flat,3,80,1,Mezzanine,"0.5",236.79,750
103765,Collatino,Flat,3,80,0,Ground floor,0,484.71,950
105592,Collatino,Penthouse,3,90,0,Upper,4,234.62,850
102745,Monti,Flat,3,85,1,Upper,1,693.52,1400
103454,Cinecittà,Flat,2,65,1,Upper,1,423.67,700
104063,Castelli Romani,Flat,3,100,1,Ground floor,0,89.56,750
102330,Trastevere,Flat,2,60,0,Upper,1,183.95,1200
103613,Monti,Flat,2,60,1,Upper,2,399.60,1050
102151,Collatino,Flat,2,65,0,Upper,1,121.49,700
104418,Cassia,Flat,2,55,0,Upper,1,231.07,700
102479,Ostia,Flat,2,65,0,Upper,3,381.22,650
103237,Cinecittà,Flat,3,70,0,Upper,2,381.23,700
101996,Castelli Romani,Flat,2,60,0,Upper,2,352.63,500
102611,Ostia,Flat,2,50,0,Upper,3,20.53,550
104130,Piazza Navona,Flat,2,95,1,Upper,2,837.38,1750
105625,Castelli Romani,Flat,3,115,1,Upper,2,149.50,850
104488,Ostia,Flat,2,45,1,Upper,2,160.40,650
105586,Monte sacro,Flat,3,90,1,Mezzanine,"0.5",394.76,850
102538,Prati,Flat,2,75,1,Upper,1,565.71,1200
102769,Monte sacro,Flat,2,70,0,Upper,3,306.79,750
103226,Magliana,Penthouse,2,70,1,Upper,3,321.61,700
102126,Collatino,Flat,2,65,1,Upper,9,241.25,700
105670,Trastevere,Flat,2,70,1,Upper,1,264.81,1100
105449,Piazza Navona,Flat,2,45,1,Upper,4,381.07,1200
105306,Cassia,Flat,2,70,0,Upper,3,365.94,850
103120,Parioli,Flat,5,90,1,Upper,1,491.86,1500
103309,Marconi,Flat,2,75,1,Upper,3,174.03,800
102682,Parioli,Flat,3,65,1,Upper,5,272.92,1200
105086,Trastevere,Flat,2,65,1,Upper,2,281.51,1100
103464,Marconi,Flat,3,105,1,Upper,3,384.79,1100
105555,Infernetto,Flat,2,35,1,Ground floor,0,192.09,500
104877,Collatino,Flat,6,95,1,Upper,7,678.24,1200
103959,Marconi,Flat,4,75,0,Upper,4,534.42,1000
105193,Castelli Romani,Flat,2,40,1,Upper,1,38.96,400
102287,Prati,Flat,2,45,0,Ground floor,0,539.71,1000
102626,Trastevere,Flat,3,60,1,Upper,1,467.27,1300
104437,Cassia,Flat,2,50,1,Upper,1,529.09,850
105829,Trigoria,Flat,2,35,1,Mezzanine,"0.5",157.47,600
103690,Monti,Flat,3,75,0,Upper,4,533.71,1300
104239,Collatino,Flat,2,55,1,Upper,1,327.66,700
104202,Marconi,Flat,3,70,1,Upper,4,419.27,800
104148,Collatino,Flat,2,30,1,Ground floor,0,337.30,450
102859,Castelli Romani,Flat,2,55,1,Upper,1,250.56,400
103135,Marconi,Flat,2,65,0,Upper,1,124.05,700
104349,Prati,Flat,2,40,1,Upper,5,207.51,750
105371,Marconi,Flat,4,120,0,Upper,4,376.90,1200
103627,Monti,Flat,2,55,0,Upper,3,409.89,1200
104738,Monti,Flat,2,55,0,Upper,1,365.82,1250
102325,Monte sacro,Flat,3,80,0,Upper,3,308.27,850
104281,Collatino,Flat,3,85,1,Upper,5,36.19,800
103413,Trigoria,Flat,2,50,0,Upper,4,217.02,650
105367,Parioli,Flat,4,100,1,Upper,3,481.40,1300
105002,Ostia,Flat,4,85,1,Upper,3,309.46,850
102140,Cinecittà,Flat,3,70,0,Ground floor,0,316.72,750
104672,Prati,Flat,4,105,1,Upper,1,740.07,1600
104913,Castelli Romani,Flat,3,60,1,Upper,2,253.56,700
102718,Prati,Flat,2,45,0,Mezzanine,"0.5",228.71,900
104846,Castelli Romani,Flat,3,80,1,Upper,1,586.50,800
104079,Monte sacro,Flat,3,90,1,Upper,1,349.39,850
105168,Cassia,Flat,2,40,1,Upper,1,393.61,450
102870,Parioli,Flat,4,100,1,Upper,3,644.56,1400
104581,Monte sacro,Flat,2,35,1,Upper,2,46.35,600
102439,Parioli,Flat,3,95,1,Upper,3,538.46,1400
102785,Cinecittà,Flat,3,65,1,Upper,1,221.18,700
104659,Trigoria,Flat,2,55,0,Upper,1,336.11,650
104673,Parioli,Flat,2,40,0,Ground floor,0,266.66,750
102902,EUR,Flat,2,65,1,Upper,1,257.90,850
104620,Cinecittà,Flat,2,55,1,Upper,5,413.04,650
105349,Prati,Flat,2,60,1,Upper,1,292.28,1000
105056,Prati,Flat,2,65,1,Ground floor,0,301.19,850
103193,Infernetto,Flat,2,60,1,Ground floor,0,246.18,600
104837,Termini,Flat,2,45,0,Upper,2,280.36,950
103584,Monte sacro,Flat,2,50,1,Ground floor,0,407.94,650
104708,Cinecittà,Flat,2,50,0,Upper,8,571.76,700
103814,Cinecittà,Flat,3,75,1,Upper,4,97.33,800
104952,Termini,Flat,4,70,1,Upper,4,448.38,1200
104524,Prati,Flat,4,120,1,Upper,3,843.25,1600
103511,Monte sacro,Flat,2,50,0,Ground floor,0,223.54,600
104788,Collatino,Flat,3,90,1,Ground floor,0,442.66,1000
105759,Infernetto,Flat,3,80,1,Upper,2,201.26,750
102320,Monte sacro,Flat,2,55,1,Ground floor,0,253.75,650
103956,Parioli,Flat,4,105,1,Upper,3,751.78,1650
105736,Monti,Flat,2,65,0,Upper,4,392.57,1000
104028,Termini,Flat,4,90,1,Upper,4,490.18,1400
103924,Montagnola,Flat,3,85,0,Upper,1,351.16,1050
104119,Collatino,Flat,2,50,1,Upper,1,217.67,600
103139,Monte sacro,Flat,3,80,1,Upper,7,437.35,1000
104978,Infernetto,Flat,2,75,1,Upper,1,322.14,550
102321,Prati,Flat,2,50,1,Upper,9,441.88,1000
102709,Termini,Flat,4,110,1,Upper,1,594.95,1500
102650,Cinecittà,Flat,5,90,0,Upper,1,435.16,1000
103984,Prati,Flat,3,90,1,Upper,1,575.15,1500
102435,Termini,Flat,2,75,1,Upper,2,491.46,1100
102575,Cinecittà,Flat,2,70,0,Upper,1,254.00,850
102808,Monte sacro,Penthouse,2,75,1,Upper,3,348.71,800
105618,Cassia,Penthouse,2,70,0,Upper,6,442.38,1200
105099,Piazza Navona,Flat,2,65,0,Upper,3,761.08,1400
102512,Collatino,Flat,3,100,1,Upper,5,497.95,1150
102676,Infernetto,Flat,2,65,1,Upper,1,457.44,600
103257,EUR,Flat,4,100,1,Upper,8,469.62,1200
103165,Piazza Navona,Flat,4,105,0,Upper,2,852.97,1950
104554,Infernetto,Flat,2,50,1,Upper,3,449.08,650
102527,Cassia,Flat,5,155,1,Upper,3,890.77,1900
103876,Trastevere,Flat,3,75,1,Upper,2,452.52,1300
103772,Castelli Romani,Flat,4,90,1,Upper,3,515.51,800
105144,Parioli,Flat,2,65,1,Upper,1,366.49,1000
105814,Monti,Flat,2,70,1,Ground floor,0,187.28,1000
102787,Parioli,Flat,3,70,1,Upper,5,473.57,1200
105643,Infernetto,Penthouse,3,105,0,Upper,5,242.77,900
104371,Parioli,Flat,3,100,0,Upper,2,558.17,1350
105653,Monti,Flat,4,85,1,Upper,4,512.62,1350
102334,Monte sacro,Flat,3,65,0,Upper,6,179.58,750
105516,Collatino,Flat,4,110,0,Upper,4,377.17,1400
103122,Montagnola,Flat,2,40,1,Ground floor,0,147.67,500
103756,Parioli,Flat,3,65,1,Upper,3,392.14,1200
102690,Testaccio,Flat,2,55,1,Upper,1,155.96,950
105510,Parioli,Flat,2,75,1,Upper,5,655.22,1400
103760,Marconi,Flat,2,70,1,Upper,3,419.60,850
104894,Castelli Romani,Villa,3,80,0,Upper,1,271.13,550
104159,Testaccio,Flat,2,60,1,Upper,2,690.12,1250
105265,Monti,Flat,3,65,1,Upper,2,404.97,1100
104316,Castelli Romani,Flat,3,95,1,Ground floor,0,251.84,850
105659,Trastevere,Flat,5,95,1,Upper,1,753.02,1800
103563,Cassia,Flat,2,45,1,Upper,1,526.17,800
102262,Cassia,Flat,2,40,1,Ground floor,0,225.39,600
103532,Monte sacro,Flat,2,40,0,Ground floor,0,180.80,550
104525,Montagnola,Flat,4,90,1,Mezzanine,"0.5",446.48,950
104487,Castelli Romani,Flat,3,85,1,Mezzanine,"0.5",490.75,900
105060,Monte sacro,Flat,2,60,1,Upper,3,182.55,850
102915,Parioli,Flat,3,80,1,Ground floor,0,484.88,1350
105368,Piazza Navona,Flat,3,90,1,Upper,1,573.69,1600
104676,Parioli,Flat,2,60,1,Mezzanine,"0.5",482.26,850
104346,Montagnola,Flat,3,65,1,Upper,1,184.57,750
103304,Cinecittà,Flat,2,40,1,Ground floor,0,350.58,500
102960,Parioli,Flat,2,40,1,Upper,3,240.72,900
102748,Parioli,Penthouse,3,70,1,Upper,5,380.56,1100
105235,Ostia,Flat,2,50,0,Upper,3,289.42,750
105876,Cinecittà,Flat,3,85,0,Upper,1,83.48,700
103178,Piazza Navona,Flat,3,75,1,Upper,3,931.91,1700
103525,Termini,Flat,3,105,1,Upper,1,605.21,1450
105487,Piazza Navona,Flat,2,80,0,Upper,1,667.05,1500
104085,Cinecittà,Flat,3,85,0,Upper,6,263.09,800
102491,Parioli,Flat,2,70,1,Upper,6,485.35,1100
102345,Montagnola,Flat,2,80,0,Upper,5,329.06,1000
105503,Termini,Flat,3,80,1,Upper,3,361.34,1400
104590,Termini,Flat,2,70,0,Upper,4,254.22,1300
104813,Collatino,Flat,2,50,1,Ground floor,0,397.30,550
105106,Termini,Flat,2,70,0,Upper,5,186.59,950
105907,Trastevere,Flat,3,90,1,Upper,1,240.46,1300
103025,Cassia,Flat,4,60,1,Upper,4,397.91,1000
105956,EUR,Flat,2,60,0,Upper,1,260.40,900
104030,Magliana,Flat,2,65,0,Ground floor,0,309.58,750
103130,Infernetto,Flat,3,70,1,Upper,3,484.21,800
105824,Cassia,Flat,2,45,1,Ground floor,0,304.35,500
104937,Cinecittà,Flat,2,50,1,Ground floor,0,154.05,600
103471,Piazza Navona,Flat,2,50,0,Upper,3,712.52,1300
103539,Monti,Flat,2,40,0,Upper,1,353.64,850
104733,Cassia,Flat,3,70,1,Ground floor,0,458.11,900
104262,Collatino,Flat,2,60,0,Upper,1,363.50,650
105033,Castelli Romani,Flat,3,80,0,Upper,2,426.07,550
104157,Monte sacro,Penthouse,3,100,1,Upper,4,560.69,1150
103535,Cassia,Flat,2,55,1,Ground floor,0,444.82,850
102482,Cassia,Flat,2,40,1,Upper,1,185.57,700
105474,Portuense,Flat,3,55,1,Upper,2,130.06,750
103110,Collatino,Flat,2,70,1,Upper,2,379.15,800
103993,Collatino,Flat,2,55,1,Ground floor,0,371.00,800
102873,Infernetto,Flat,2,40,1,Ground floor,0,340.44,500
103516,Parioli,Flat,3,90,1,Upper,3,674.55,1500
105577,Prati,Flat,3,90,0,Upper,2,739.61,1600
105783,Monti,Flat,4,110,0,Upper,5,544.55,1700
103636,Monte sacro,Flat,2,45,0,Ground floor,0,362.03,600
103307,Castelli Romani,Penthouse,3,90,1,Upper,2,68.73,800
103855,Piazza Navona,Flat,2,75,1,Upper,3,893.63,1750
102933,Trigoria,Flat,3,60,1,Mezzanine,"0.5",146.49,650
105426,Termini,Flat,2,50,0,Ground floor,0,362.23,1000
105970,Infernetto,Flat,2,60,1,Upper,4,560.37,850
105754,Ostia,Flat,2,70,1,Upper,4,275.66,650
104506,Castelli Romani,Flat,3,70,1,Upper,1,30.23,700
103947,Monte sacro,Flat,3,75,0,Upper,4,108.66,800
103166,Cinecittà,Flat,2,65,1,Upper,2,160.06,550
102659,Prati,Flat,3,90,1,Upper,2,597.43,1400
104634,Trigoria,Flat,2,30,1,Ground floor,0,158.46,450
105765,Trastevere,Flat,3,60,1,Upper,1,321.25,1100
103371,Infernetto,Penthouse,3,80,1,Upper,2,376.74,700
103083,Portuense,Flat,2,60,0,Upper,3,139.15,700
103634,Termini,Flat,2,70,1,Upper,3,812.60,1200
104542,Trigoria,Flat,2,55,1,Mezzanine,"0.5",182.81,600
103306,Cassia,Flat,2,70,1,Ground floor,0,311.06,900
104133,Cinecittà,Flat,2,55,1,Upper,1,192.05,650
102721,Cinecittà,Flat,3,55,1,Upper,3,190.86,600
104960,Monte sacro,Flat,2,65,0,Upper,2,490.79,850
105702,Montagnola,Flat,3,120,1,Upper,5,437.36,1200
102719,Parioli,Flat,3,80,1,Upper,1,393.25,1300
105207,Parioli,Flat,5,155,0,Upper,2,917.33,2150
102483,Collatino,Flat,2,75,1,Upper,3,354.41,850
105019,Parioli,Flat,2,45,1,Mezzanine,"0.5",152.76,750
102853,Castelli Romani,Flat,3,90,1,Mezzanine,"0.5",454.03,750
105485,Termini,Flat,4,85,1,Upper,6,523.94,1350
105194,Monti,Flat,2,60,0,Upper,1,267.53,1000
104772,EUR,Flat,2,35,0,Mezzanine,"0.5",88.73,600
105979,Monti,Flat,3,75,0,Upper,2,725.49,1300
104723,Infernetto,Flat,2,75,1,Upper,2,200.54,750
105755,Prati,Penthouse,3,80,0,Upper,4,512.56,1100
102143,Parioli,Flat,3,125,0,Upper,3,743.26,1750
102916,Cinecittà,Flat,4,85,0,Upper,2,332.81,1000
103107,Piazza Navona,Flat,3,85,1,Upper,1,919.80,1800
102905,EUR,Flat,2,90,1,Upper,2,624.39,1100
104210,Piazza Navona,Flat,2,45,1,Upper,1,528.99,1200
104592,Castelli Romani,Flat,3,60,1,Ground floor,0,190.70,550
105186,Collatino,Flat,2,75,0,Ground floor,0,42.88,600
104007,Parioli,Flat,4,105,1,Upper,2,766.96,1550
104475,Monte sacro,Flat,2,40,1,Ground floor,0,173.82,600
104505,Parioli,Flat,2,60,1,Upper,4,248.08,1200
104334,Cassia,Flat,2,45,1,Ground floor,0,278.62,650
105217,Castelli Romani,Flat,2,50,1,Upper,4,196.21,400
104420,Termini,Flat,2,50,1,Upper,2,269.91,1000
103488,Castelli Romani,Flat,2,55,1,Upper,1,93.47,500
105445,Prati,Flat,4,115,0,Mezzanine,"0.5",577.92,1600
103020,Cassia,Flat,2,60,1,Ground floor,0,111.20,850
104832,Castelli Romani,Flat,2,60,1,Upper,1,419.13,600
105091,Piazza Navona,Flat,2,65,1,Upper,2,654.36,1400
105160,Monte sacro,Flat,2,45,1,Ground floor,0,159.53,700
103397,Infernetto,Flat,2,70,0,Ground floor,0,294.86,700
104496,Castelli Romani,Flat,3,65,1,Upper,2,280.86,750
103780,Parioli,Flat,4,145,0,Upper,2,913.93,1950
102436,Testaccio,Flat,2,40,1,Upper,3,304.88,850
103427,EUR,Flat,2,90,0,Upper,5,550.80,1100
105642,Montagnola,Flat,2,40,1,Ground floor,0,143.87,700
105818,Montagnola,Flat,2,45,0,Mezzanine,"0.5",245.35,550
104884,Prati,Flat,4,105,1,Upper,3,463.26,1400
104424,Monte sacro,Flat,2,60,0,Upper,1,507.25,800
102691,Parioli,Flat,3,90,0,Upper,2,375.89,1400
105251,Piazza Navona,Flat,4,140,1,Mezzanine,"0.5",1032.99,2500
105968,Prati,Flat,4,110,1,Mezzanine,"0.5",705.17,1400
103639,Castelli Romani,Flat,2,35,1,Ground floor,0,169.57,300
103880,Montagnola,Flat,2,50,1,Upper,1,344.51,700
103134,Piazza Navona,Flat,2,50,0,Upper,2,433.49,1350
105435,Prati,Flat,3,85,1,Upper,3,681.22,1200
105219,Prati,Flat,3,85,1,Upper,2,447.57,1200
103950,Piazza Navona,Flat,3,105,0,Upper,3,824.05,1850
104828,Parioli,Flat,2,85,0,Upper,5,386.55,1100
104857,Marconi,Flat,2,50,1,Upper,8,77.20,800
102214,Collatino,Flat,2,75,1,Upper,5,127.06,800
102685,Magliana,Flat,2,70,0,Upper,3,245.93,750
103815,Collatino,Flat,2,65,0,Ground floor,0,119.48,550
104117,Parioli,Flat,5,140,1,Ground floor,0,950.13,1800
104108,Trastevere,Flat,4,135,1,Upper,2,982.32,1950
102765,Aventino,Flat,3,95,0,Upper,1,806.37,1700
103446,Castelli Romani,Flat,4,70,1,Ground floor,0,466.89,550
104728,Infernetto,Flat,2,55,0,Upper,1,379.19,650
104179,Aventino,Penthouse,3,95,1,Upper,4,730.19,1600
105546,Castelli Romani,Flat,2,90,0,Ground floor,0,544.87,950
103443,Monte sacro,Flat,3,70,0,Upper,3,32.43,750
103656,Parioli,Flat,3,90,0,Upper,2,630.09,1450
104363,Monte sacro,Flat,2,45,1,Upper,8,235.08,700
105350,Prati,Flat,3,110,0,Upper,4,615.90,1450
102373,Termini,Flat,2,50,0,Upper,2,333.97,900
103703,Marconi,Flat,2,75,0,Upper,7,268.46,850
104731,Prati,Flat,3,110,0,Upper,6,759.28,1500
104317,EUR,Flat,2,60,1,Upper,3,186.93,900
102681,Aventino,Flat,2,65,0,Upper,3,709.84,1400
104236,Prati,Flat,2,85,0,Upper,2,292.16,1200
103727,Cinecittà,Flat,2,35,0,Ground floor,0,47.99,400
102971,Piazza Navona,Flat,2,65,1,Upper,4,541.00,1550
103222,Castelli Romani,Flat,3,85,1,Upper,1,303.42,800
103155,Parioli,Flat,2,60,1,Upper,2,409.08,1100
104715,Collatino,Penthouse,3,110,0,Upper,8,422.01,1200
102212,Portuense,Flat,2,60,0,Upper,1,227.91,700
105131,Trigoria,Flat,2,50,1,Ground floor,0,46.43,450
102472,Montagnola,Flat,2,60,1,Upper,4,525.24,800
102673,Cinecittà,Flat,2,45,1,Upper,4,278.16,500
105067,Collatino,Flat,3,80,1,Upper,2,288.00,800
103410,Monte sacro,Penthouse,3,65,1,Upper,5,236.39,750
102175,Collatino,Flat,3,90,1,Upper,4,292.22,1000
104152,Monte sacro,Flat,2,50,0,Upper,3,328.60,700
105375,Prati,Flat,3,100,1,Upper,4,404.46,1350
104789,Collatino,Flat,4,100,1,Upper,3,333.97,1250
102897,Piazza Navona,Flat,4,120,1,Upper,3,872.05,2200
102459,Parioli,Flat,4,85,1,Upper,2,750.34,1400
104027,Cassia,Flat,2,50,1,Upper,2,348.60,700
104010,Parioli,Flat,2,65,1,Upper,4,462.36,1200
102581,Infernetto,Flat,3,95,0,Upper,2,291.35,950
104868,Castelli Romani,Flat,3,90,1,Upper,1,420.07,850
105206,Monti,Flat,2,55,0,Upper,1,453.27,950
102250,Parioli,Flat,3,80,1,Upper,4,282.71,1300
104824,Parioli,Penthouse,2,85,1,Upper,1,413.67,1100
104161,Marconi,Flat,2,60,1,Upper,1,155.45,800
103739,Infernetto,Flat,2,35,1,Upper,3,92.51,550
105601,Parioli,Flat,4,125,1,Upper,3,975.05,1700
102230,Marconi,Flat,2,65,0,Upper,1,495.06,750
105794,Prati,Flat,3,80,1,Upper,1,669.02,1500
102599,Infernetto,Villa,3,100,1,Upper,1,276.88,900
105807,Prati,Flat,2,55,1,Upper,2,620.53,1250
102737,Portuense,Flat,2,55,0,Upper,4,461.13,650
102586,Trastevere,Flat,3,70,1,Upper,2,561.52,1400
104596,Castelli Romani,Flat,2,60,1,Upper,3,91.33,650
104655,Cassia,Flat,2,50,1,Mezzanine,"0.5",425.93,550
103279,Collatino,Flat,3,90,1,Upper,1,134.92,900
104216,Collatino,Flat,4,95,0,Ground floor,0,129.80,1100
103785,Infernetto,Flat,2,70,1,Upper,3,213.66,700
102672,Piazza Navona,Flat,4,130,0,Upper,3,954.05,2350
102285,Cinecittà,Flat,3,60,0,Upper,1,167.56,650
105662,Collatino,Flat,3,90,1,Upper,6,458.54,1200
104066,Monti,Flat,3,70,1,Upper,1,595.20,1300
104043,Piazza Navona,Flat,4,120,0,Upper,1,1119.85,2200
102792,Prati,Penthouse,2,75,1,Upper,5,485.83,1200
104544,Prati,Flat,4,100,1,Upper,4,719.81,1700
103576,Monti,Flat,3,80,0,Upper,1,525.25,1400
105945,Cinecittà,Flat,2,45,0,Upper,1,155.34,650
105276,Parioli,Flat,3,85,1,Upper,3,577.42,1500
103708,Trastevere,Flat,2,45,1,Upper,3,247.34,850
103469,Monti,Flat,2,55,1,Upper,1,609.16,1000
104258,Cinecittà,Flat,2,75,1,Upper,3,246.86,700
105112,Monti,Flat,3,80,0,Upper,1,597.43,1500
104407,Cassia,Flat,3,75,1,Upper,1,432.53,900
102092,Infernetto,Flat,2,45,1,Upper,1,216.74,600
103898,Parioli,Flat,2,65,1,Upper,2,299.25,1000
105892,Parioli,Flat,3,60,1,Upper,4,202.78,900
103168,Collatino,Flat,3,80,1,Upper,7,425.62,900
104497,Infernetto,Flat,2,45,1,Ground floor,0,196.32,600
103014,Infernetto,Flat,3,65,1,Upper,1,329.60,650
105811,Parioli,Flat,3,80,0,Upper,4,406.89,1500
101999,Castelli Romani,Flat,2,50,1,Upper,1,224.43,500
102418,Castelli Romani,Flat,3,60,1,Upper,1,258.28,350
105706,Cinecittà,Flat,2,45,1,Ground floor,0,247.59,700
102032,Collatino,Flat,2,45,0,Upper,3,452.87,500
104989,Prati,Flat,4,100,0,Upper,3,693.53,1700
105095,Trastevere,Flat,2,75,1,Upper,3,352.19,1300
102862,Trigoria,Flat,2,50,1,Upper,4,599.53,650
104657,EUR,Flat,3,55,1,Upper,1,372.38,750
104440,Monte sacro,Flat,3,120,1,Upper,4,461.22,1200
105119,Castelli Romani,Flat,3,65,1,Upper,1,511.81,650
102924,Trastevere,Flat,2,50,1,Upper,1,539.07,1100
102275,Trastevere,Flat,2,65,0,Upper,2,446.71,1250
102082,Cinecittà,Flat,3,80,1,Ground floor,0,376.93,950
104045,Collatino,Flat,3,70,1,Upper,8,246.21,700
104192,Cinecittà,Flat,2,65,0,Upper,2,333.53,750
105861,Termini,Flat,3,100,0,Upper,3,495.52,1300
102207,Castelli Romani,Flat,2,65,1,Upper,3,367.34,700
103389,Parioli,Flat,5,120,1,Upper,1,429.53,1600
105092,Prati,Flat,2,60,0,Upper,5,446.54,1000
103793,Ostia,Flat,2,70,1,Mezzanine,"0.5",228.39,650
102347,Castelli Romani,Flat,3,45,1,Upper,3,216.07,550
105300,Monte sacro,Flat,3,90,0,Upper,4,259.93,850
105173,Castelli Romani,Flat,2,65,0,Upper,4,174.33,450
103187,Trastevere,Flat,2,40,1,Upper,1,531.81,850
105038,Termini,Flat,4,85,1,Mezzanine,"0.5",569.87,1300
103733,Piazza Navona,Flat,3,90,1,Upper,2,803.69,1700
105893,Montagnola,Flat,2,70,0,Upper,3,436.85,900
105509,Prati,Flat,3,100,0,Upper,1,822.86,1650
105898,Trastevere,Flat,3,80,0,Upper,1,364.59,1200
103728,Collatino,Flat,2,55,1,Ground floor,0,144.13,550
105374,Trigoria,Flat,3,80,0,Upper,2,372.62,900
104613,Collatino,Flat,4,105,0,Upper,7,456.18,1050
105281,Piazza Navona,Flat,3,90,1,Upper,1,937.01,1950
105213,Monte sacro,Flat,3,60,0,Upper,2,232.33,650
102569,Prati,Penthouse,4,105,1,Upper,5,750.41,1550
102500,Trastevere,House,2,60,0,Upper,1,475.65,1200
102768,EUR,Flat,2,50,0,Upper,2,96.94,650
103720,Collatino,Flat,3,100,1,Upper,3,408.72,1000
105955,Prati,Flat,4,110,1,Upper,4,608.68,1750
102939,Castelli Romani,Flat,2,50,0,Upper,2,146.93,500
103540,Collatino,Flat,3,80,1,Upper,3,447.92,900
103061,Piazza Navona,Penthouse,2,40,1,Upper,5,462.10,1300
105739,Parioli,Flat,3,105,1,Ground floor,0,556.85,1300
105721,Castelli Romani,Penthouse,2,40,1,Upper,3,307.18,500
103770,Collatino,Flat,3,75,0,Upper,4,244.51,700
104759,Castelli Romani,Flat,2,60,1,Upper,4,317.37,450
102101,Infernetto,Flat,3,60,0,Upper,2,311.24,650
105253,Parioli,Flat,2,75,0,Upper,3,613.53,1350
103325,Cassia,Flat,2,50,1,Ground floor,0,373.08,650
102688,Cassia,Flat,2,50,1,Ground floor,0,181.44,800
104523,Collatino,Flat,3,65,0,Upper,7,151.92,700
104778,Parioli,Flat,2,50,1,Ground floor,0,465.88,700
105195,Prati,Flat,3,85,0,Upper,3,524.42,1200
104550,Piazza Navona,Flat,2,60,1,Upper,5,469.97,1400
103655,Cinecittà,Flat,3,80,1,Upper,3,466.51,800
105757,Castelli Romani,Flat,2,60,1,Upper,3,100.51,700
105656,Cassia,Flat,4,130,1,Upper,3,824.81,1650
105427,Parioli,Flat,2,45,1,Upper,7,208.34,750
105732,Parioli,Flat,4,90,1,Upper,7,527.76,1300
102891,Collatino,Flat,4,60,1,Ground floor,0,461.75,600
104013,Castelli Romani,Flat,2,55,0,Upper,3,196.01,550
105624,Prati,Flat,3,90,1,Mezzanine,"0.5",378.67,1200
103160,Cinecittà,Flat,2,70,1,Upper,2,333.44,700
103184,Prati,Flat,3,75,1,Upper,3,420.90,1300
103721,Cinecittà,Flat,2,60,0,Upper,3,403.44,550
104287,Cinecittà,Flat,2,70,0,Upper,1,494.08,800
102341,Collatino,Flat,2,70,1,Upper,6,216.01,750
104669,Prati,Flat,3,90,1,Upper,3,514.41,1500
102544,Infernetto,Flat,3,60,0,Upper,4,10.00,650
102634,Monte sacro,Flat,3,80,0,Upper,1,476.89,850
103416,Parioli,Flat,3,75,1,Upper,2,280.21,1150
102484,Parioli,Flat,3,90,0,Upper,3,576.04,1350
103752,Termini,Flat,2,60,1,Upper,3,388.16,1000
102035,Collatino,Flat,4,80,0,Upper,6,411.10,800
102717,Monte sacro,Flat,2,70,0,Upper,3,161.49,750
104679,Monte sacro,Flat,4,100,1,Upper,1,514.51,1000
105289,Montagnola,Flat,2,95,1,Upper,1,304.25,1100
104084,Parioli,Flat,2,35,1,Upper,1,275.69,650
103681,Castelli Romani,Flat,2,65,1,Ground floor,0,10.00,550
104247,Castelli Romani,Flat,3,65,0,Ground floor,0,64.50,500
103892,Cassia,Flat,3,60,1,Upper,2,416.10,950
103948,Portuense,Flat,3,70,1,Upper,2,345.54,850
102449,Termini,Flat,2,75,1,Upper,4,469.55,1100
103214,Parioli,Flat,4,125,1,Upper,2,971.42,1800
104489,Monti,Flat,3,55,1,Upper,1,270.03,900
104077,Prati,Flat,3,70,1,Ground floor,0,394.64,1100
105410,Termini,Flat,3,65,1,Upper,2,338.15,900
105965,Monte sacro,Flat,2,50,1,Upper,2,105.60,750
105716,Castelli Romani,Flat,4,75,1,Upper,1,287.26,450
103049,Castelli Romani,Flat,3,100,1,Ground floor,0,274.74,750
104741,Monti,Flat,2,55,1,Upper,4,484.87,1000
104591,Parioli,Flat,2,60,1,Upper,3,405.74,900
103146,Piazza Navona,Flat,2,50,0,Upper,1,682.16,1300
105021,Cinecittà,Flat,3,70,0,Ground floor,0,257.56,600
105454,Prati,Flat,3,95,1,Upper,5,540.65,1250
102489,Montagnola,Flat,4,125,1,Upper,4,617.32,1400
104510,Monte sacro,Flat,2,50,1,Ground floor,0,251.90,600
103123,Infernetto,Flat,2,50,1,Ground floor,0,29.90,500
104257,Ostia,Flat,2,75,1,Upper,4,379.52,700
103521,Parioli,Flat,3,85,1,Upper,3,348.01,1250
104435,Collatino,Flat,3,75,0,Upper,2,169.76,700
104897,Piazza Navona,Flat,2,60,1,Ground floor,0,449.71,1300
104167,Infernetto,Flat,4,70,0,Ground floor,0,360.79,700
105810,Parioli,Flat,4,135,1,Upper,3,1019.71,1700
102665,Ostia,Flat,3,65,1,Upper,2,289.43,800
103144,Parioli,Flat,3,55,1,Mezzanine,"0.5",544.49,900
105277,Prati,Flat,5,145,1,Upper,3,844.32,1900
105250,Monti,Flat,2,55,1,Ground floor,0,451.34,900
102539,Termini,Flat,2,50,1,Upper,5,223.99,900
105197,Portuense,Flat,2,65,0,Upper,1,380.30,1000
103305,Cinecittà,Flat,3,95,1,Upper,4,323.72,1100
105929,Cinecittà,Flat,4,105,1,Upper,5,236.67,950
103044,Piazza Navona,Flat,4,135,1,Upper,1,850.97,2200
105342,Monti,Flat,2,65,1,Upper,2,506.21,1000
103202,Collatino,Flat,2,35,1,Ground floor,0,294.87,450
103941,Castelli Romani,Flat,2,40,0,Mezzanine,"0.5",224.50,400
103786,Ostia,Flat,2,60,1,Ground floor,0,232.66,750
105787,Prati,Flat,3,80,1,Upper,1,374.85,1050
105006,Piazza Navona,Flat,5,130,1,Upper,4,1177.93,2450
103024,Cinecittà,Flat,2,55,0,Upper,2,141.73,650
103019,Piazza Navona,Flat,2,70,0,Upper,1,664.24,1600
102712,Castelli Romani,Villa,3,75,1,Upper,1,151.36,700
102211,Collatino,Flat,2,60,0,Upper,3,356.99,700
104038,Cinecittà,Flat,4,110,1,Upper,6,358.41,1250
104853,Collatino,Flat,3,75,1,Upper,6,370.42,850
105314,Collatino,Flat,2,65,1,Upper,3,350.32,800
105848,Marconi,Flat,4,120,0,Upper,6,421.09,1250
103112,Collatino,Flat,2,65,1,Upper,2,325.65,750
104142,Piazza Navona,Flat,3,90,1,Upper,1,888.16,1800
102598,Aventino,Flat,3,90,1,Upper,3,665.58,1500
104046,Piazza Navona,Flat,2,45,1,Ground floor,0,459.19,1200
105159,Collatino,Flat,2,45,1,Ground floor,0,202.40,650
103047,Piazza Navona,Flat,3,85,0,Upper,4,854.52,1800
103299,EUR,Flat,3,95,1,Upper,3,231.78,1200
102294,Infernetto,Flat,3,50,1,Ground floor,0,294.13,500
103960,Prati,Flat,3,65,1,Upper,2,310.48,1000
103670,Piazza Navona,Flat,4,105,1,Upper,1,890.22,2000
104426,Prati,Flat,3,100,1,Upper,4,558.30,1400
102412,Montagnola,Flat,3,90,1,Upper,5,270.29,1100
102488,Cinecittà,Flat,2,70,0,Upper,6,255.66,750
105595,Piazza Navona,Flat,2,60,1,Upper,4,376.04,1300
105772,Piazza Navona,Flat,2,60,1,Upper,3,339.99,1300
103221,Trastevere,Flat,4,130,1,Upper,1,712.32,1800
105337,Infernetto,Flat,2,60,1,Ground floor,0,370.75,450
105105,Parioli,Flat,3,80,0,Upper,1,751.85,1100
103346,Parioli,Flat,3,55,1,Ground floor,0,318.13,950
105977,Infernetto,Flat,3,100,1,Upper,1,338.80,750
105808,Cinecittà,Flat,5,110,1,Mezzanine,"0.5",227.91,1000
103062,Castelli Romani,Flat,3,85,1,Upper,2,167.64,800
104026,Castelli Romani,Flat,3,90,1,Upper,2,269.27,750
102775,Aventino,Flat,3,90,1,Ground floor,0,787.06,1550
105338,Piazza Navona,Flat,4,90,1,Upper,3,474.55,1700
102419,Collatino,Flat,2,60,1,Upper,5,126.79,700
104069,Castelli Romani,Flat,3,85,1,Upper,2,329.22,700
105882,Marconi,Penthouse,2,55,1,Upper,6,195.01,700
103053,Monte sacro,Flat,3,85,0,Upper,7,319.23,1000
102458,Cinecittà,Flat,3,75,1,Upper,2,262.12,850
103735,Trastevere,Flat,2,60,0,Upper,3,543.48,1050
102252,Cinecittà,Flat,3,80,1,Upper,5,342.00,850
102267,Trigoria,Flat,2,35,1,Ground floor,0,169.16,500
103326,Collatino,Flat,3,65,1,Upper,3,453.52,750
102625,Collatino,Flat,2,75,1,Upper,7,334.17,800
105559,Piazza Navona,Flat,3,90,1,Upper,2,801.84,1600
103458,Parioli,Flat,2,65,0,Upper,1,237.13,1150
105710,Prati,Flat,2,60,1,Upper,1,310.40,1250
103333,Cassia,Flat,2,45,1,Ground floor,0,469.91,650
102324,Monte sacro,Flat,2,70,0,Upper,7,257.77,800
102394,Monte sacro,Flat,2,50,1,Upper,3,65.50,650
104865,Ostia,Flat,2,65,1,Upper,3,314.90,850
105071,Parioli,Flat,3,75,1,Mezzanine,"0.5",483.63,1100
102850,Infernetto,Flat,4,75,0,Upper,1,358.25,750
103088,Castelli Romani,Flat,3,80,0,Upper,1,327.77,750
105675,Trastevere,Flat,2,45,1,Upper,1,314.21,900
105354,Piazza Navona,Flat,3,75,1,Upper,1,626.18,1500
105208,Cinecittà,Flat,3,70,0,Upper,1,78.47,600
105267,Parioli,Flat,2,70,1,Upper,2,278.29,1100
105636,Cinecittà,Flat,3,85,0,Upper,5,370.01,1000
104049,Prati,Flat,2,35,1,Upper,3,321.78,750
102445,Castelli Romani,Flat,2,50,0,Upper,1,344.81,400
102486,Termini,Flat,2,35,1,Upper,1,10.00,750
104527,Cinecittà,Flat,2,40,1,Ground floor,0,10.00,550
104500,Monte sacro,Flat,2,40,1,Ground floor,0,264.19,600
104840,Cinecittà,Flat,2,60,1,Ground floor,0,295.80,650
105399,Piazza Navona,Flat,2,65,1,Upper,5,556.33,1400
105820,Montagnola,Flat,2,75,1,Upper,7,332.68,800
102497,Parioli,Flat,2,50,0,Upper,1,340.85,950
103867,Trastevere,Flat,3,65,1,Upper,3,514.81,1200
103945,Portuense,Flat,2,70,1,Upper,2,259.35,750
105632,Trastevere,Flat,2,50,1,Ground floor,0,326.72,950
105083,Collatino,Flat,2,35,0,Upper,6,100.79,600
105681,Monti,Flat,3,65,1,Upper,2,394.41,1100
104646,Parioli,Flat,2,40,1,Ground floor,0,366.77,700
104308,Termini,Flat,3,60,0,Upper,1,543.56,900
104306,Castelli Romani,Flat,3,75,0,Upper,4,226.63,650
103256,Cinecittà,Flat,2,60,0,Upper,5,318.47,750
103374,EUR,Penthouse,2,45,1,Upper,5,297.52,750
104663,Parioli,Flat,2,85,1,Ground floor,0,308.45,1300
104882,Piazza Navona,Flat,3,110,1,Upper,2,998.62,2200
104474,Infernetto,Flat,3,80,0,Ground floor,0,263.41,700
102633,Testaccio,Flat,2,50,1,Upper,1,788.67,800
104737,Monte sacro,Flat,2,50,0,Ground floor,0,32.96,700
102258,Cassia,Flat,2,60,0,Upper,3,225.44,900
103493,Monte sacro,Flat,2,60,0,Ground floor,0,10.00,600
105363,Prati,Flat,2,60,0,Upper,1,300.15,950
102605,Trastevere,Flat,3,65,0,Upper,4,413.98,1200
103064,Castelli Romani,Flat,2,70,0,Upper,3,261.64,700
105773,Castelli Romani,Flat,2,50,1,Upper,3,352.32,400
102546,Parioli,Flat,5,115,0,Upper,2,724.28,1750
105822,Parioli,Flat,4,120,0,Upper,1,794.09,1900
102270,Monti,Flat,3,85,0,Upper,2,386.39,1450
102926,Cassia,Flat,2,60,1,Upper,2,178.69,800
103043,Termini,Flat,2,40,0,Upper,3,278.65,800
103610,Cassia,Flat,2,50,1,Ground floor,0,396.30,850
102671,Cinecittà,Flat,4,95,1,Upper,3,201.97,1000
103695,Parioli,Flat,2,45,1,Mezzanine,"0.5",557.72,750
103874,Prati,Flat,3,85,0,Mezzanine,"0.5",572.07,1300
105384,Piazza Navona,Flat,3,150,0,Upper,3,1200.00,2600
102315,Termini,Flat,3,105,1,Upper,2,658.66,1600
103403,Termini,Flat,3,105,1,Ground floor,0,740.93,1550
102069,Parioli,Penthouse,3,70,1,Upper,5,415.69,1200
103730,Collatino,Flat,2,55,0,Upper,4,56.72,700
105443,Parioli,Flat,2,35,0,Ground floor,0,113.59,600
102889,Castelli Romani,Flat,3,50,0,Mezzanine,"0.5",60.58,450
105311,Prati,Flat,3,75,0,Upper,3,488.54,1200
105142,Collatino,Flat,2,80,0,Upper,5,245.87,750
103916,Castelli Romani,Flat,2,60,0,Upper,1,305.99,650
102095,Prati,Flat,2,65,1,Upper,2,324.29,1100
102362,Piazza Navona,Flat,5,165,1,Upper,1,1200.00,2600
102518,Castelli Romani,Flat,3,65,1,Ground floor,0,257.47,650
102002,Collatino,Flat,2,65,1,Upper,3,213.60,750
105401,Montagnola,Flat,2,40,0,Upper,4,217.34,750
104296,Cinecittà,Flat,2,50,1,Ground floor,0,131.36,600
102037,Parioli,Flat,4,100,0,Upper,4,571.98,1500
103197,Trastevere,Flat,2,60,1,Upper,1,518.86,1250
105583,Prati,Flat,3,75,1,Upper,1,417.13,1450
103485,Monte sacro,Flat,2,45,1,Ground floor,0,192.14,600
104172,Monte sacro,Penthouse,4,115,1,Upper,3,434.92,1350
105628,Cassia,Flat,3,80,1,Upper,2,339.34,1150
105469,Piazza Navona,Flat,3,90,0,Upper,1,723.27,1600
102998,Parioli,Flat,2,70,1,Upper,3,431.43,1100
103527,Piazza Navona,Flat,2,65,1,Upper,1,729.91,1550
104472,Piazza Navona,Flat,4,100,0,Upper,1,818.04,1800
105146,Cinecittà,Flat,2,40,1,Ground floor,0,201.87,600
104140,Cinecittà,Flat,2,65,1,Mezzanine,"0.5",253.95,800
104310,Monte sacro,Flat,3,80,1,Upper,3,552.83,800
105278,Marconi,Flat,3,85,1,Upper,3,326.80,900
103349,Infernetto,Flat,3,60,1,Ground floor,0,222.38,650
105597,Piazza Navona,Flat,3,100,1,Upper,4,721.94,1700
103250,Monte sacro,Flat,3,75,1,Upper,2,246.34,750
102820,Termini,Flat,2,25,1,Ground floor,0,214.38,700
102391,Montagnola,Flat,3,80,1,Upper,5,773.25,900
103737,Piazza Navona,Flat,2,70,1,Upper,1,849.14,1600
103034,Castelli Romani,Flat,3,75,1,Upper,3,383.18,650
103575,Monte sacro,Flat,2,40,1,Ground floor,0,149.04,550
103831,Collatino,Flat,2,60,1,Ground floor,0,167.70,500
102780,Cinecittà,Flat,2,60,0,Upper,1,282.82,600
104688,Cinecittà,Flat,2,70,1,Upper,7,382.06,800
105891,Cinecittà,Flat,4,110,1,Mezzanine,"0.5",393.45,1000
105436,Ostia,Flat,3,75,0,Mezzanine,"0.5",118.21,700
102409,Prati,Flat,3,80,1,Upper,3,453.79,1300
104881,Cinecittà,Flat,3,65,1,Upper,1,327.88,750
105941,Monte sacro,Flat,2,40,1,Ground floor,0,75.80,600
103568,Castelli Romani,Flat,4,85,1,Upper,1,551.65,700
105493,Prati,Flat,2,55,1,Upper,1,485.92,1200
103444,Trigoria,Flat,2,50,1,Ground floor,0,253.92,600
104414,Parioli,Flat,2,45,0,Ground floor,0,229.88,750
101994,Castelli Romani,Flat,2,50,1,Upper,1,310.27,400
103649,Trigoria,Flat,2,55,0,Upper,2,179.20,550
105835,Collatino,Flat,2,45,1,Upper,1,181.50,700
103505,Cassia,Flat,2,70,1,Upper,1,483.94,900
102025,Cinecittà,Flat,3,60,1,Mezzanine,"0.5",272.77,600
105542,Parioli,Flat,3,95,1,Upper,1,684.63,1600
103971,Montagnola,Flat,3,145,1,Upper,7,659.66,1700
103848,Prati,Flat,2,55,0,Upper,2,466.13,1000
105752,Piazza Navona,Flat,2,50,1,Upper,2,525.10,1200
102220,Castelli Romani,Flat,2,75,1,Upper,1,364.47,650
102476,Trastevere,Flat,2,50,1,Upper,1,267.07,1100
103828,Castelli Romani,Flat,3,85,0,Upper,1,345.54,750
102970,Collatino,Flat,3,85,1,Upper,3,156.84,800
102524,Termini,Flat,4,85,1,Upper,2,647.00,1300
104205,Piazza Navona,Flat,2,50,1,Upper,1,467.14,1200
102854,Castelli Romani,Flat,2,40,1,Upper,1,151.28,350
105654,Termini,Penthouse,3,100,1,Upper,5,531.10,1300
103522,Montagnola,Flat,2,70,0,Upper,7,122.32,850
102973,Montagnola,Flat,3,80,0,Upper,5,417.63,1000
102434,Portuense,Flat,2,50,1,Upper,2,378.28,700
104931,Termini,Flat,2,60,1,Upper,2,195.53,900
105602,Trastevere,Flat,2,60,0,Ground floor,0,198.60,550
104670,Prati,Flat,4,100,1,Upper,1,606.36,1400
102245,Castelli Romani,Flat,2,60,1,Upper,2,304.61,500
105930,Piazza Navona,Flat,3,90,1,Upper,1,720.56,2000
105775,Parioli,Flat,2,45,0,Ground floor,0,125.06,700
102507,Trastevere,Flat,4,70,1,Upper,1,659.90,1300
103856,Montagnola,Flat,3,80,1,Upper,2,219.85,1000
102658,Trastevere,Flat,3,60,1,Upper,1,541.85,1300
102071,Collatino,Flat,3,70,1,Upper,2,80.03,750
102054,Cinecittà,Flat,2,70,1,Upper,4,294.67,700
105541,Piazza Navona,Penthouse,2,55,1,Upper,5,367.34,1300
104965,Castelli Romani,Flat,2,60,0,Upper,1,211.65,650
103645,Termini,Flat,3,120,0,Upper,4,820.28,1600
105372,EUR,Flat,2,45,1,Ground floor,0,293.38,650
103869,Castelli Romani,Flat,3,70,0,Ground floor,0,350.00,500
102086,Monte sacro,Penthouse,2,85,1,Upper,6,305.77,900
102288,Monti,Flat,2,75,0,Upper,4,628.86,1400
104319,Cinecittà,Flat,3,80,0,Ground floor,0,182.86,850
102789,Collatino,Flat,4,120,1,Upper,1,626.06,1250
102022,Collatino,Flat,2,60,1,Upper,6,303.35,700
104786,Parioli,Flat,2,80,1,Upper,5,405.47,1150
104450,Castelli Romani,Flat,4,95,1,Upper,1,547.10,900
104801,Castelli Romani,Flat,2,55,1,Upper,1,167.55,550
104445,Termini,Flat,2,55,1,Upper,2,218.91,1000
105900,Monte sacro,Flat,2,90,0,Upper,1,282.06,800
102316,Prati,Flat,6,150,1,Upper,5,996.59,2100
103839,Infernetto,Flat,2,55,1,Upper,1,349.90,650
105742,Infernetto,Flat,2,60,1,Mezzanine,"0.5",149.14,650
104796,Piazza Navona,Flat,4,85,1,Upper,2,853.48,1800
105647,Collatino,Flat,3,65,1,Upper,2,235.97,750
103422,Monti,Flat,3,95,1,Upper,2,817.53,1750
103995,Castelli Romani,Flat,3,80,0,Upper,1,317.14,800
102562,Piazza Navona,Flat,2,50,0,Upper,3,580.99,1450
105590,Parioli,Flat,5,20,1,Mezzanine,"0.5",69.88,550
103456,Parioli,Flat,6,150,0,Upper,5,850.04,2000
103435,Monte sacro,Flat,3,70,1,Upper,3,146.05,750
104350,Parioli,Flat,3,90,1,Upper,4,580.50,1500
104923,Trastevere,Flat,2,60,1,Upper,1,764.63,1100
104714,Trigoria,Flat,2,40,0,Ground floor,0,192.89,600
104330,Piazza Navona,Flat,3,65,1,Upper,2,589.18,1600
103650,Cinecittà,Flat,4,80,1,Upper,3,528.83,850
103467,Castelli Romani,Flat,2,80,1,Mezzanine,"0.5",194.17,700
103766,Montagnola,Flat,3,85,1,Upper,1,498.09,1000
104211,Cinecittà,Flat,4,75,1,Upper,7,398.83,800
102120,Collatino,Flat,2,75,1,Upper,7,417.79,800
103077,Marconi,Penthouse,2,40,1,Upper,9,212.89,600
102298,Monte sacro,Flat,3,55,1,Upper,3,177.27,600
102192,Prati,Flat,2,65,0,Upper,2,416.64,1100
102352,Cassia,Flat,2,65,1,Ground floor,0,574.90,900
102583,Castelli Romani,Flat,3,60,0,Upper,3,258.20,550
104353,Piazza Navona,Flat,2,60,1,Upper,3,441.56,1400
102612,Monte sacro,Flat,3,70,0,Upper,3,403.27,850
104364,Parioli,Flat,4,90,1,Mezzanine,"0.5",626.67,1500
105853,Castelli Romani,Flat,2,65,1,Ground floor,0,260.44,500
102856,Montagnola,Flat,2,60,1,Upper,3,210.19,800
105661,Trastevere,Flat,2,70,1,Upper,2,426.84,1100
103434,Castelli Romani,Villa,3,85,1,Upper,1,420.73,850
104105,Trastevere,Penthouse,2,80,1,Upper,4,767.72,1550
103637,Castelli Romani,Flat,2,45,1,Ground floor,0,201.16,400
104235,Trastevere,Flat,3,65,1,Upper,2,448.24,1200
104352,Cassia,Flat,3,75,0,Ground floor,0,493.16,1300
104880,Cinecittà,Flat,3,85,1,Upper,1,343.15,850
105780,Monte sacro,Penthouse,2,55,1,Upper,5,302.20,700
104224,Marconi,Flat,2,75,1,Upper,3,251.94,950
104072,Piazza Navona,Flat,2,70,1,Upper,3,730.78,1500
105453,Castelli Romani,Flat,2,55,0,Upper,2,301.47,500
105821,Piazza Navona,Flat,4,135,0,Upper,3,1070.58,2300
105447,Cinecittà,Flat,3,80,0,Upper,2,471.75,1000
102790,Cinecittà,Flat,4,60,1,Upper,3,267.60,750
105028,Monti,Flat,2,50,0,Upper,1,265.72,850
104522,Collatino,Flat,3,90,1,Upper,2,323.61,1050
103470,Cinecittà,Flat,2,65,1,Upper,2,117.14,750
102217,Portuense,Flat,3,80,0,Upper,1,370.21,850
104174,Castelli Romani,Flat,3,65,0,Upper,2,96.87,400
103263,Cinecittà,Flat,2,65,1,Upper,8,229.71,750
102360,Marconi,Flat,2,65,0,Upper,2,227.88,750
105175,EUR,Flat,4,120,0,Upper,3,699.74,1500
102388,Prati,Flat,2,60,0,Upper,3,265.11,1200
102898,Castelli Romani,Flat,3,70,1,Upper,1,362.05,600
104412,Parioli,Flat,3,100,1,Upper,2,565.75,1400
105676,Piazza Navona,Flat,2,50,1,Upper,1,513.47,1600
103911,Cinecittà,Flat,2,75,1,Upper,1,535.91,700
103617,Piazza Navona,Flat,2,70,1,Upper,1,654.49,1550
104999,Castelli Romani,House,4,120,1,Upper,1,442.00,1200
105682,Prati,Flat,2,70,1,Upper,1,438.65,1100
102070,Monte sacro,Flat,2,50,0,Ground floor,0,274.23,550
105958,Termini,Flat,3,85,0,Upper,4,486.77,1050
105530,Parioli,Flat,4,135,1,Upper,5,976.90,2050
102396,Prati,Flat,4,95,0,Upper,8,739.10,1450
105411,Parioli,Flat,2,70,1,Upper,1,747.83,1350
105204,Piazza Navona,Penthouse,5,150,0,Upper,1,1020.21,2550
105138,Cinecittà,Flat,2,40,1,Ground floor,0,188.56,600
102749,Monte sacro,Flat,2,60,1,Upper,3,499.82,700
102329,Cassia,Flat,4,130,0,Upper,3,683.37,1650
104191,Castelli Romani,Flat,3,85,0,Upper,3,10.00,700
103015,Piazza Navona,Flat,2,65,1,Upper,4,606.23,1500
105631,Monte sacro,Flat,2,75,1,Upper,2,285.66,750
104335,Castelli Romani,Flat,3,65,0,Upper,1,350.65,700
105429,Termini,Flat,2,70,0,Ground floor,0,68.26,900
103324,Monti,Flat,3,80,1,Upper,2,592.26,1300
103723,Parioli,Flat,2,70,1,Upper,2,359.21,1200
105123,Collatino,Flat,3,80,0,Upper,4,362.76,800
102986,Infernetto,Flat,2,50,1,Ground floor,0,183.11,550
103829,Prati,Flat,3,110,1,Upper,2,840.45,1500
102641,Parioli,Penthouse,2,65,0,Upper,6,325.66,1150
105726,Monte sacro,Flat,2,35,1,Upper,2,116.29,650
104552,Castelli Romani,Flat,3,65,0,Upper,2,327.71,750
103232,Ostia,Flat,2,50,1,Upper,4,128.01,550
103875,Infernetto,Flat,4,80,1,Upper,2,328.32,750
102732,Cassia,Flat,3,70,0,Upper,2,369.44,1000
103835,Cassia,Flat,2,70,0,Upper,4,290.14,1000
102077,Infernetto,Flat,3,65,1,Upper,3,249.62,650
105321,Prati,Flat,2,45,1,Upper,7,480.93,850
102876,Parioli,Flat,3,100,1,Upper,1,514.95,1500
105687,Trastevere,Flat,2,80,1,Upper,1,356.56,1200
103067,Castelli Romani,Flat,2,60,1,Ground floor,0,198.37,500
102593,Piazza Navona,Flat,2,60,1,Upper,4,821.75,1500
102694,Cassia,Flat,4,150,1,Upper,4,825.75,1800
103275,Collatino,Flat,2,75,1,Upper,5,276.78,750
105248,Cassia,Flat,2,70,0,Ground floor,0,267.40,750
102642,Monte sacro,Flat,2,70,1,Upper,2,398.49,750
102318,Collatino,Penthouse,3,75,1,Upper,9,433.22,1000
105116,Parioli,Flat,2,65,1,Ground floor,0,364.57,900
104374,Piazza Navona,Flat,2,50,1,Upper,3,562.76,1350
105163,Collatino,Flat,3,90,0,Upper,3,646.34,1000
104507,Cassia,Flat,2,95,0,Ground floor,0,300.59,1050
104253,Collatino,Flat,3,75,1,Upper,5,104.86,750
104329,Castelli Romani,Flat,3,75,1,Upper,1,176.49,650
103612,Cassia,Flat,4,150,1,Upper,3,844.23,1900
102503,Collatino,Flat,2,40,1,Upper,1,262.64,450
103021,Cinecittà,Flat,3,75,1,Upper,4,321.02,900
104900,Trastevere,Flat,4,120,0,Upper,2,1022.59,2000
104183,Termini,Flat,2,55,0,Upper,1,374.58,850
103578,Cassia,Flat,2,30,1,Upper,1,493.54,650
103628,Castelli Romani,Flat,3,80,0,Upper,3,302.37,750
104118,Infernetto,Flat,2,50,0,Ground floor,0,170.02,500
102535,Piazza Navona,Flat,3,95,0,Upper,1,880.16,1800
104479,Monte sacro,Flat,2,40,1,Ground floor,0,183.38,600
105361,Cassia,Flat,4,65,0,Upper,6,653.26,1200
104282,Castelli Romani,Flat,2,45,1,Upper,2,401.04,400
102912,Castelli Romani,Flat,2,55,1,Upper,1,339.28,500
104184,Collatino,Flat,2,45,1,Upper,1,224.14,650
103503,Collatino,Flat,4,90,1,Upper,6,450.17,1200
104624,Parioli,Flat,2,40,1,Ground floor,0,302.69,700
104963,Prati,Flat,2,55,1,Upper,4,329.10,900
104630,Cinecittà,Flat,3,80,1,Upper,5,335.37,750
104160,Collatino,Flat,4,100,0,Upper,3,237.85,1000
103172,Monte sacro,Flat,2,75,1,Upper,2,237.41,850
105562,Infernetto,Flat,2,65,0,Upper,2,490.03,700
102729,Infernetto,Flat,2,60,1,Upper,2,217.49,550
104471,Castelli Romani,Flat,2,55,1,Ground floor,0,180.50,550
104383,Prati,Flat,3,85,1,Upper,1,533.29,1200
103825,Piazza Navona,Flat,4,95,1,Upper,2,757.50,1800
105220,Parioli,Flat,3,85,1,Upper,2,442.09,1200
104234,EUR,Penthouse,3,115,1,Upper,1,516.41,1400
105534,Cinecittà,Penthouse,2,60,1,Upper,3,325.12,700
105022,Marconi,Flat,2,40,1,Ground floor,0,258.44,650
104981,Parioli,Flat,4,90,0,Upper,3,453.09,1250
105651,Cinecittà,Flat,2,35,1,Upper,3,446.35,550
102700,Infernetto,Flat,4,75,1,Upper,2,234.55,750
104442,Marconi,Flat,6,95,1,Upper,7,450.66,1100
105046,Trastevere,Flat,2,65,1,Upper,2,665.21,1100
105741,Portuense,Flat,3,95,1,Upper,2,254.27,900
102614,Infernetto,Flat,2,55,1,Upper,4,185.28,450
104246,Cinecittà,Flat,2,50,1,Mezzanine,"0.5",313.73,650
103098,Piazza Navona,Flat,3,100,1,Upper,2,693.61,1800
103542,Infernetto,Flat,3,40,1,Ground floor,0,234.59,500
105062,Ostia,Flat,3,75,1,Upper,4,252.06,700
104294,Monti,Flat,2,50,1,Upper,3,207.52,1000
103640,Prati,Flat,2,80,1,Upper,1,541.43,1200
102795,Castelli Romani,Flat,4,85,1,Upper,1,352.56,700
103678,Castelli Romani,Flat,3,85,1,Upper,2,168.19,900
102760,Magliana,Flat,3,60,1,Ground floor,0,216.65,650
104899,Infernetto,Flat,2,55,1,Ground floor,0,424.75,650
105720,Piazza Navona,Flat,2,55,1,Upper,1,381.91,1200
104863,Cinecittà,Flat,2,65,1,Upper,3,304.02,850
105406,Prati,Flat,3,85,1,Upper,3,663.73,1500
103887,Prati,Flat,3,80,0,Upper,2,639.54,1500
105505,Parioli,Flat,6,170,0,Upper,1,959.46,2100
105549,Prati,Flat,2,70,1,Upper,2,417.65,1000
104791,Castelli Romani,Flat,2,65,1,Upper,3,53.86,500
105274,Prati,Flat,4,105,0,Upper,4,987.88,1550
104656,Castelli Romani,Flat,2,55,1,Upper,1,198.42,300
105188,Parioli,Flat,3,120,1,Upper,3,593.19,1500
105486,Trastevere,Flat,3,50,1,Upper,2,347.89,1000
105134,Termini,Flat,2,40,1,Upper,2,262.94,900
105634,Termini,Flat,2,50,1,Upper,3,307.14,700
104340,Prati,Flat,3,85,1,Upper,8,510.34,1300
105153,Prati,Flat,5,110,0,Mezzanine,"0.5",415.07,1450
103011,Infernetto,Flat,2,40,1,Ground floor,0,81.20,600
102233,Cinecittà,Flat,3,65,1,Upper,3,323.84,750
103902,Monti,Flat,3,80,1,Upper,3,479.77,1300
104682,Castelli Romani,Flat,2,55,1,Mezzanine,"0.5",319.38,550
105280,Aventino,Flat,2,45,0,Upper,1,313.84,900
105176,Collatino,Flat,2,65,1,Ground floor,0,242.27,700
102656,Parioli,Flat,2,70,1,Upper,4,212.13,1100
102725,Parioli,Flat,3,90,1,Upper,2,569.54,1350
104214,Cassia,Flat,3,100,1,Upper,3,490.10,1200
102603,Prati,Flat,2,75,1,Upper,2,614.53,1200
103114,Marconi,Flat,2,75,1,Upper,4,211.73,950
105259,Prati,Flat,4,80,1,Upper,2,479.42,1300
105927,Monte sacro,Flat,2,60,1,Upper,1,211.61,750
104132,Termini,Flat,3,75,0,Upper,4,316.87,1000
105344,Parioli,Flat,2,70,0,Upper,7,164.10,1000
102855,Collatino,Flat,3,85,1,Upper,7,384.72,950
105507,EUR,Flat,2,65,1,Upper,1,252.11,800
102545,Montagnola,Flat,4,110,1,Upper,4,523.73,1300
104090,Prati,Flat,2,45,0,Upper,3,608.88,1000
105007,Ostia,Flat,2,70,1,Upper,4,10.89,700
104843,Trigoria,Flat,3,70,1,Ground floor,0,442.64,650
102239,Piazza Navona,Flat,2,65,1,Upper,3,551.49,1550
104095,Monti,Flat,4,90,1,Upper,3,703.51,1650
103591,Castelli Romani,Flat,2,60,1,Upper,2,153.85,550
102204,Prati,Flat,2,45,1,Upper,1,226.90,900
104641,Collatino,Flat,2,40,0,Ground floor,0,212.57,550
102181,Piazza Navona,Flat,2,75,1,Upper,2,611.55,1600
102359,Parioli,Flat,3,70,1,Ground floor,0,564.10,1200
105430,Prati,Flat,2,50,1,Ground floor,0,276.01,800
102890,Parioli,Flat,4,100,1,Upper,1,635.96,1500
104906,Castelli Romani,House,2,35,1,Upper,1,278.74,400
102781,Cinecittà,Flat,3,95,1,Mezzanine,"0.5",476.63,1100
104379,Piazza Navona,Flat,2,50,1,Upper,3,711.80,1300
103287,Monti,Flat,2,50,0,Ground floor,0,418.41,900
102674,Portuense,Flat,2,70,0,Upper,3,377.43,800
102466,Cassia,Flat,2,50,1,Upper,1,79.80,700
102925,Collatino,Flat,2,70,0,Upper,4,437.27,800
102989,Castelli Romani,Flat,3,60,1,Upper,1,395.24,500
103996,Testaccio,Flat,3,60,1,Upper,2,299.35,1100
105258,Castelli Romani,Flat,3,80,0,Ground floor,0,381.43,550
104466,Collatino,Flat,3,90,0,Upper,5,211.20,950
105054,Cinecittà,Flat,2,60,1,Upper,1,247.61,800
103085,Collatino,Flat,3,75,0,Upper,1,279.32,750
105090,Collatino,Flat,3,95,1,Upper,6,430.28,1200
105312,Parioli,Flat,4,125,1,Upper,3,804.87,1600
104187,Prati,Flat,4,135,1,Upper,5,908.94,1800
104406,Monte sacro,Flat,2,70,1,Mezzanine,"0.5",278.28,850
104622,Parioli,Flat,3,90,1,Upper,2,662.93,1500
103286,Parioli,Flat,2,55,1,Upper,1,316.58,700
104740,Cassia,Flat,2,60,1,Ground floor,0,297.86,1000
102974,Aventino,Flat,2,50,1,Upper,2,471.76,1200
102469,Trastevere,Flat,2,85,1,Upper,1,487.47,1500
102774,Parioli,Flat,4,90,1,Mezzanine,"0.5",567.28,1350
104724,Monti,Flat,3,90,1,Upper,1,522.08,1300
105915,Montagnola,Flat,3,70,1,Upper,4,373.69,700
105224,Infernetto,Flat,2,75,0,Upper,2,433.67,650
102837,Castelli Romani,Flat,2,55,1,Ground floor,0,507.24,600
105397,Cinecittà,Flat,4,100,0,Upper,1,293.60,850
102629,Cinecittà,Flat,3,70,1,Upper,3,174.91,750
103455,Castelli Romani,Flat,2,45,1,Upper,2,359.98,450
105600,Monti,Flat,3,90,1,Upper,1,698.19,1300
104787,Collatino,Flat,2,45,0,Upper,3,280.48,650
102997,Prati,Flat,3,100,1,Upper,3,612.13,1500
103701,Castelli Romani,Flat,2,50,1,Upper,1,238.28,400
103963,Piazza Navona,Flat,3,75,1,Upper,3,796.57,1600
103937,Cinecittà,Flat,2,60,1,Upper,3,154.45,700
105094,Cinecittà,Flat,2,50,1,Upper,7,395.16,650
102952,Marconi,Flat,3,80,1,Upper,7,230.87,950
105711,Piazza Navona,Flat,3,90,0,Upper,1,821.92,2000
102977,Prati,Flat,3,55,1,Upper,3,403.53,1000
102170,Trigoria,Flat,2,50,1,Upper,2,157.86,550
103087,Montagnola,Flat,3,65,1,Ground floor,0,488.65,750
104116,Marconi,Flat,2,60,1,Upper,3,241.96,750
104847,Cinecittà,Flat,3,85,1,Upper,7,371.95,1050
102564,Monti,Flat,4,70,1,Upper,3,393.06,1250
104171,Prati,Flat,3,80,1,Upper,5,331.41,1100
104541,Monte sacro,Flat,4,110,0,Upper,7,573.30,1150
105126,Marconi,Flat,2,45,1,Upper,5,441.49,750
102261,Montagnola,Flat,2,70,1,Upper,4,325.77,850
104905,Parioli,Flat,3,65,0,Upper,6,461.43,1000
105580,Infernetto,Flat,2,55,1,Upper,1,179.62,600
102107,Cinecittà,Flat,3,70,0,Upper,1,254.65,750
105222,Piazza Navona,Flat,3,110,1,Upper,3,1178.63,2200
104249,Monte sacro,Flat,2,70,1,Upper,6,169.51,700
103105,EUR,Flat,2,65,1,Upper,3,433.03,950
103291,Parioli,Flat,3,70,1,Ground floor,0,482.13,1100
102846,Aventino,Penthouse,3,75,1,Upper,4,569.05,1400
102041,Parioli,Flat,4,120,1,Upper,4,873.65,1700
103342,Monti,Flat,3,80,0,Upper,1,869.16,1500
103910,Marconi,Flat,3,55,0,Upper,2,174.26,800
104637,Piazza Navona,Flat,3,80,1,Upper,3,882.29,1650
105508,Collatino,Flat,2,75,0,Ground floor,0,256.74,800
103836,Parioli,Flat,2,75,0,Upper,1,195.18,1100
104344,Aventino,Flat,2,45,1,Ground floor,0,303.22,950
102761,Parioli,Penthouse,2,70,1,Upper,5,381.58,1200
103274,Collatino,Flat,2,45,0,Upper,7,10.00,650
103339,Collatino,Flat,4,100,1,Upper,4,226.28,1050
104455,Prati,Flat,3,70,1,Ground floor,0,377.19,1100
104935,Cinecittà,Flat,4,95,1,Upper,1,297.52,850
104320,Infernetto,Flat,4,90,1,Upper,1,99.85,750
105479,Parioli,Flat,2,75,0,Ground floor,0,538.62,1000
105307,Montagnola,Flat,3,80,1,Upper,6,337.15,900
103757,Parioli,Flat,5,170,1,Upper,3,867.28,2250
104256,Castelli Romani,Flat,2,60,1,Upper,1,368.14,650
105874,Trastevere,Flat,4,100,1,Ground floor,0,1004.86,1950
103747,Parioli,Flat,3,100,1,Upper,5,430.66,1400
104797,Monti,Flat,2,40,1,Upper,3,358.15,850
104761,Cinecittà,Flat,4,105,0,Upper,1,264.38,1000
105809,Monti,Flat,2,60,1,Upper,3,314.44,1000
104162,Piazza Navona,Flat,2,60,1,Upper,1,597.18,1450
103841,Prati,Flat,3,65,0,Upper,1,387.74,1200
102253,Cassia,Penthouse,2,45,1,Upper,2,234.49,700
102746,Collatino,Flat,2,75,0,Mezzanine,"0.5",351.92,900
102670,Prati,Flat,2,80,0,Upper,1,409.78,1300
103158,Parioli,Flat,2,50,1,Upper,2,10.00,850
102438,Piazza Navona,Flat,3,45,1,Ground floor,0,534.74,1350
102399,Cassia,Flat,2,60,1,Ground floor,0,143.47,800
104248,Cinecittà,Flat,3,90,0,Upper,1,273.78,850
103966,Prati,Penthouse,2,45,1,Upper,4,534.77,1100
102045,Monte sacro,Flat,5,95,1,Upper,2,298.10,1100
103736,Monti,Flat,4,95,0,Upper,1,634.42,1500
105070,Trastevere,Flat,2,70,1,Upper,1,534.37,1400
105581,Monte sacro,Flat,3,60,1,Ground floor,0,162.95,800
104934,Castelli Romani,House,2,60,1,Upper,1,117.11,700
103436,Collatino,Flat,4,80,1,Upper,5,338.56,850
103337,Cinecittà,Penthouse,3,75,1,Upper,5,369.22,800
105387,Monte sacro,Flat,4,70,0,Ground floor,0,195.67,650
103262,Monti,Flat,3,90,1,Upper,2,416.35,1500
103201,Cinecittà,Flat,2,40,1,Upper,1,231.11,500
105285,Castelli Romani,Flat,3,75,1,Upper,1,449.58,650
105096,Parioli,Flat,2,70,1,Upper,5,461.36,1000
104864,Monti,Flat,2,55,0,Upper,2,235.80,1050
103929,Infernetto,Flat,3,65,0,Upper,3,63.53,650
104825,Castelli Romani,Flat,3,65,1,Upper,1,262.55,700
104639,Cinecittà,Flat,2,60,1,Upper,4,387.74,750
105935,Prati,Flat,3,110,1,Upper,4,415.72,1450
105767,Monte sacro,Flat,3,75,1,Upper,2,10.00,650
104071,Cinecittà,Flat,2,50,0,Upper,2,147.43,650
104757,Prati,Flat,2,60,1,Upper,2,462.82,950
102822,EUR,Flat,4,150,0,Upper,7,732.36,1800
105574,Cinecittà,Flat,2,35,1,Upper,2,41.84,600
104402,Cinecittà,Flat,2,70,1,Upper,5,358.99,850
102009,Castelli Romani,Flat,2,50,0,Upper,1,233.43,450
105431,Monti,Flat,3,85,0,Upper,1,694.48,1400
104892,Monte sacro,Flat,2,45,1,Upper,7,248.61,700
105715,Montagnola,Flat,3,80,1,Upper,2,480.73,850
104059,Piazza Navona,Flat,5,115,0,Upper,1,975.53,2200
104120,Collatino,Flat,3,90,0,Ground floor,0,245.27,850
104970,Trastevere,Flat,3,80,0,Upper,2,695.35,1650
103518,Castelli Romani,Flat,4,100,0,Upper,1,562.77,950
104584,Monte sacro,Flat,2,45,1,Upper,4,88.08,700
102588,Collatino,Flat,3,90,1,Upper,3,441.08,900
102940,Marconi,Flat,2,45,1,Upper,3,65.55,700
104494,Cassia,Flat,2,60,1,Upper,2,429.67,1000
105923,Collatino,Flat,3,80,1,Upper,2,510.38,1100
102326,Piazza Navona,Flat,3,70,1,Upper,1,676.31,1600
105801,Termini,Flat,2,70,1,Upper,3,239.68,1300
103743,Cinecittà,Flat,3,85,0,Upper,7,375.70,800
102205,Monte sacro,Flat,2,75,1,Upper,1,85.88,850
103773,Monti,Flat,3,70,0,Upper,3,578.41,1400
102881,Parioli,Flat,2,40,1,Ground floor,0,306.30,700
102901,Castelli Romani,Flat,3,60,1,Upper,1,235.75,550
105672,Castelli Romani,Flat,2,45,1,Upper,1,248.02,500
102752,Termini,Flat,3,65,0,Upper,3,249.12,1050
102703,Castelli Romani,Villa,3,75,1,Upper,1,440.37,700
104528,Parioli,Penthouse,5,185,1,Upper,4,1200.00,2500
103230,Parioli,Flat,2,50,1,Upper,4,433.05,900
105269,Collatino,Flat,3,65,1,Upper,2,454.92,600
103603,Collatino,Flat,2,70,1,Upper,8,244.36,850
103183,Cinecittà,Flat,2,55,0,Upper,1,287.21,650
103425,Cassia,Flat,2,70,0,Upper,1,327.55,900
103228,EUR,Flat,4,110,1,Upper,4,319.83,1400
104627,Castelli Romani,Flat,3,60,1,Ground floor,0,489.03,650
104347,Collatino,Flat,2,45,1,Ground floor,0,232.75,650
103495,Piazza Navona,Flat,3,105,1,Upper,2,1033.06,2000
102142,Prati,Flat,4,115,1,Upper,1,789.73,1700
105519,Parioli,Flat,2,50,0,Ground floor,0,180.16,700
105024,Trastevere,Flat,2,35,1,Upper,1,248.46,1100
105417,Monte sacro,Flat,2,45,1,Upper,3,57.26,700
104861,Monte sacro,Flat,4,95,1,Upper,3,462.97,950
103741,Cinecittà,Flat,2,75,1,Upper,3,257.95,700
105293,Aventino,Flat,2,55,1,Upper,2,471.28,1150
104002,Castelli Romani,Flat,3,70,1,Upper,1,228.76,550
104557,Testaccio,Flat,2,65,1,Upper,3,391.75,950
101986,Cinecittà,Flat,2,50,1,Upper,2,49.63,650
104729,Castelli Romani,Flat,3,65,0,Ground floor,0,134.84,450
105334,Prati,Flat,4,100,0,Mezzanine,"0.5",771.33,1700
103009,Castelli Romani,Flat,3,60,1,Upper,1,152.92,450
102197,Parioli,Penthouse,2,50,1,Upper,9,357.11,1000
104569,Cinecittà,Flat,3,75,0,Upper,1,408.12,700
102263,Castelli Romani,Flat,3,65,0,Ground floor,0,123.20,650
102401,Marconi,Flat,2,75,0,Upper,4,329.71,850
105357,Monti,Flat,2,55,1,Upper,1,527.27,1100
101995,Castelli Romani,Flat,3,90,1,Upper,1,353.37,800
102171,Castelli Romani,Flat,2,45,1,Upper,1,301.95,350
105641,Prati,Flat,4,105,1,Upper,3,646.54,1500
103117,Marconi,Flat,2,70,1,Upper,1,11.86,850
105763,Cinecittà,Flat,2,45,1,Ground floor,0,183.68,600
104023,Cassia,Flat,2,55,1,Ground floor,0,219.17,800
104924,Prati,Flat,3,85,1,Upper,4,689.57,1400
105918,Prati,Flat,3,65,1,Upper,3,357.12,950
103028,Prati,Flat,3,85,1,Upper,3,402.42,1300
103379,Infernetto,Flat,2,50,1,Upper,6,183.63,600
105115,Collatino,Flat,2,75,0,Upper,5,149.57,700
102295,Portuense,Flat,3,90,1,Ground floor,0,320.23,950
105179,Castelli Romani,Flat,3,100,0,Upper,1,74.14,800
104539,Piazza Navona,Flat,2,50,1,Upper,3,569.16,1500
103216,Collatino,Flat,3,85,1,Upper,4,238.28,950
102238,Parioli,Flat,2,35,0,Ground floor,0,140.03,750
102922,Parioli,Flat,4,75,0,Upper,1,298.13,1200
104560,Ostia,Flat,3,65,1,Mezzanine,"0.5",393.01,650
105034,Piazza Navona,Flat,3,65,0,Upper,4,522.28,1700
105464,Monti,Flat,4,70,1,Upper,1,222.16,1100
103560,Parioli,Flat,5,135,0,Upper,4,842.13,1800
102167,Castelli Romani,Flat,3,95,1,Mezzanine,"0.5",329.88,800
105254,Castelli Romani,Flat,2,40,1,Upper,1,192.72,350
103273,Collatino,Flat,2,45,1,Upper,3,103.83,500
102884,Aventino,Flat,3,75,1,Upper,1,435.00,1400
103132,Cinecittà,Flat,2,40,0,Ground floor,0,141.19,500
104276,Monte sacro,Flat,3,100,1,Upper,3,380.19,1000
103271,Collatino,Flat,2,45,1,Upper,3,209.43,550
102577,Cassia,Flat,2,60,1,Upper,4,441.85,950
104166,Parioli,Flat,2,55,0,Upper,3,433.06,850
104304,Prati,Flat,3,110,1,Upper,3,941.19,1500
102354,Collatino,Flat,2,75,0,Upper,1,112.11,750
105545,Parioli,Flat,4,105,0,Upper,3,390.75,1350
104275,Portuense,Flat,4,110,0,Upper,3,427.56,1200
105620,Cassia,Penthouse,4,165,1,Upper,6,1043.67,2200
102242,Monte sacro,Flat,4,105,1,Upper,6,447.63,1200
105733,Parioli,Flat,3,85,0,Ground floor,0,341.76,1100
104922,Trastevere,Flat,2,50,1,Upper,1,506.64,1000
103037,EUR,Flat,2,50,0,Upper,6,140.36,650
102135,Collatino,Flat,2,60,0,Upper,3,381.53,650
103896,Cinecittà,Flat,3,85,1,Upper,2,438.78,1000
103659,Testaccio,Flat,2,60,1,Upper,2,153.56,900
104805,Montagnola,Flat,4,105,0,Upper,2,232.98,1100
105364,Prati,Flat,3,80,1,Upper,3,554.01,1500
105008,Monti,Flat,2,50,1,Upper,1,281.55,900
105148,Collatino,Flat,3,60,0,Upper,3,463.58,850
103050,Trigoria,Flat,2,55,1,Upper,1,374.36,600
102770,Collatino,Flat,2,60,1,Upper,1,361.52,800
104957,Castelli Romani,Flat,3,55,1,Upper,1,120.20,400
102372,Castelli Romani,Flat,2,60,0,Upper,1,390.77,450
103032,Piazza Navona,Flat,2,50,0,Upper,2,513.63,1450
102381,Collatino,Flat,4,105,1,Ground floor,0,327.49,1050
103318,Cinecittà,Flat,2,40,0,Ground floor,0,110.18,500
102314,Infernetto,Flat,3,60,1,Upper,1,301.62,650
104169,Montagnola,Flat,4,120,1,Upper,4,702.86,1400
105110,Trastevere,Flat,3,55,0,Upper,2,374.66,1100
105537,Parioli,Flat,2,55,1,Ground floor,0,353.48,1000
102442,Parioli,Flat,2,55,1,Upper,6,643.00,1000
103248,Cinecittà,Flat,2,40,0,Ground floor,0,390.34,500
104345,Prati,Flat,3,75,0,Upper,1,601.84,1100
104577,Castelli Romani,Flat,2,60,1,Upper,1,260.72,500
103759,Cassia,Flat,3,95,0,Upper,3,163.29,1000
104325,Trigoria,Flat,3,70,1,Upper,2,291.11,650
102392,Prati,Flat,3,100,0,Upper,4,440.96,1500
103486,Piazza Navona,Flat,3,80,1,Upper,2,666.26,1650
102125,Infernetto,Flat,3,80,1,Upper,1,209.50,650
105947,Parioli,Flat,4,110,1,Upper,3,861.83,1800
102376,Parioli,Flat,2,45,1,Upper,2,328.16,900
104301,Parioli,Flat,3,80,1,Upper,4,552.43,1400
104536,Cinecittà,Flat,3,75,0,Upper,5,280.97,650
102582,Cinecittà,Flat,2,65,1,Upper,1,435.32,700
103361,Aventino,Flat,2,45,1,Ground floor,0,277.96,1000
102127,Cassia,Flat,2,85,1,Ground floor,0,590.16,1100
105833,Prati,Flat,4,80,1,Upper,1,452.70,1500
105691,Parioli,Flat,4,90,1,Mezzanine,"0.5",371.33,1250
104686,Collatino,Flat,3,90,1,Upper,1,430.09,1050
104400,Collatino,Flat,2,55,1,Upper,6,173.23,650
105696,Infernetto,Flat,2,40,1,Upper,1,308.96,500
102741,Cinecittà,Flat,3,80,1,Upper,8,427.79,750
105698,Termini,Flat,3,95,1,Upper,5,508.21,1200
103969,Piazza Navona,Flat,2,60,1,Upper,2,267.35,1450
104553,Prati,Flat,2,75,0,Upper,1,470.13,1150
102094,Infernetto,Flat,3,45,1,Ground floor,0,10.00,500
104611,Monti,Flat,2,55,0,Upper,1,469.00,1200
102829,Montagnola,Flat,2,50,1,Upper,2,169.16,650
102150,Parioli,Flat,3,100,1,Upper,5,689.19,1500
104423,Monti,Flat,4,135,0,Upper,1,753.35,1900
105880,Castelli Romani,Flat,2,45,0,Upper,1,208.64,500
102813,Collatino,Flat,3,70,0,Upper,4,313.98,850
105828,Trastevere,Flat,2,65,1,Ground floor,0,467.38,1400
102864,Trastevere,Flat,4,100,1,Upper,2,867.80,1700
105388,Cassia,Flat,4,130,1,Upper,2,666.78,1550
103590,Marconi,Flat,3,100,1,Upper,8,551.37,1100
103360,Testaccio,Flat,2,60,0,Upper,1,297.17,950
104096,Ostia,Flat,3,80,0,Upper,2,467.92,850
105400,Cassia,Flat,3,50,1,Upper,1,285.42,600
104299,Infernetto,Flat,4,105,0,Upper,1,296.42,950
105572,Prati,Flat,2,60,1,Upper,5,468.32,1300
103749,Cinecittà,Flat,3,70,1,Upper,5,118.27,700
103621,Collatino,Flat,3,115,0,Upper,4,767.41,1150
103622,Piazza Navona,Flat,5,140,1,Upper,2,937.09,2300
105571,Infernetto,Flat,2,45,1,Ground floor,0,219.31,600
102724,Testaccio,Flat,2,50,1,Upper,1,419.75,950
105380,Castelli Romani,Flat,2,55,1,Ground floor,0,249.67,600
105189,Castelli Romani,Flat,2,60,1,Upper,3,136.28,700
104293,Monte sacro,Flat,2,40,1,Upper,9,348.49,700
104313,Prati,Flat,3,55,1,Upper,1,336.29,950
105776,Collatino,Flat,2,45,1,Mezzanine,"0.5",480.78,650
102963,Parioli,Flat,2,65,1,Upper,2,250.91,1000
103090,Portuense,Flat,2,70,0,Upper,3,164.13,800
102844,Collatino,Flat,2,70,0,Ground floor,0,364.87,750
104720,Prati,Flat,2,35,1,Upper,1,157.50,750
104180,Collatino,Flat,2,50,1,Upper,1,290.39,650
104153,Cinecittà,Flat,3,60,1,Upper,3,276.18,800
104693,Termini,Flat,2,55,1,Ground floor,0,388.29,800
104758,Cinecittà,Flat,3,75,1,Upper,7,203.51,950
105538,Monte sacro,Flat,3,95,1,Ground floor,0,204.53,850
104122,Cassia,Flat,3,65,1,Upper,1,323.95,850
104213,Ostia,Flat,3,70,1,Upper,4,142.33,700
103514,Parioli,Flat,2,35,1,Upper,3,294.96,900
105673,Trastevere,Flat,2,35,1,Upper,1,297.78,750
102520,Trastevere,Flat,2,75,0,Upper,1,553.03,1400
102051,Parioli,Flat,2,95,1,Upper,5,482.57,1450
103143,Castelli Romani,Flat,3,80,0,Ground floor,0,491.77,750
103862,Parioli,Flat,2,45,1,Upper,1,133.14,750
102936,Castelli Romani,Flat,3,100,1,Upper,2,258.20,900
103897,Collatino,Flat,4,60,1,Ground floor,0,411.96,600
102968,Infernetto,Flat,2,55,1,Ground floor,0,10.00,600
105575,Castelli Romani,Flat,3,110,1,Upper,1,445.99,800
105366,Parioli,Flat,3,110,0,Upper,2,775.18,1500
105139,Cinecittà,Flat,3,80,0,Upper,1,564.35,700
105360,Marconi,Flat,3,85,1,Upper,6,260.24,900
104182,Marconi,Flat,2,70,1,Upper,5,247.35,750
105942,Piazza Navona,Flat,4,85,1,Upper,2,675.78,2000
102755,Aventino,Flat,3,95,1,Ground floor,0,584.06,1600
102429,Monte sacro,Flat,2,55,1,Upper,2,266.19,650
102166,Trigoria,Flat,3,55,1,Ground floor,0,234.04,650
104628,Cinecittà,Flat,4,80,1,Upper,4,130.70,850
104704,Collatino,Flat,3,105,1,Upper,2,305.45,1000
105678,Castelli Romani,Flat,3,75,0,Upper,2,149.27,450
104520,Monte sacro,Flat,2,45,1,Ground floor,0,280.77,600
104336,Prati,Flat,3,55,1,Upper,5,405.83,1000
104082,Monti,Flat,4,90,1,Upper,5,480.34,1450
102740,Parioli,Flat,6,150,0,Upper,2,1033.20,2050
102686,Piazza Navona,Flat,2,55,1,Upper,4,672.17,1500
104137,Piazza Navona,Flat,2,50,1,Upper,1,525.93,1250
104098,Cassia,Penthouse,2,55,0,Upper,5,148.73,800
102627,Cinecittà,Penthouse,2,75,1,Upper,5,211.47,800
105797,Testaccio,Flat,2,60,1,Upper,5,567.30,1200
104808,Collatino,Flat,2,45,0,Upper,3,118.23,650
104231,Cinecittà,Flat,3,85,0,Mezzanine,"0.5",104.17,800
104419,Castelli Romani,Flat,3,60,0,Upper,1,58.82,400
104992,Parioli,Flat,3,75,0,Upper,5,378.88,1150
103082,Infernetto,Flat,2,50,0,Ground floor,0,107.42,550
102123,Cinecittà,Flat,4,80,1,Upper,3,378.40,800
103919,Monti,Flat,2,70,1,Upper,1,510.75,1250
103138,Castelli Romani,Flat,3,70,1,Upper,2,238.38,500
104600,Castelli Romani,Flat,2,55,1,Ground floor,0,142.78,550
104566,Piazza Navona,Flat,3,105,0,Upper,1,1086.00,2000
104228,Prati,Flat,2,40,1,Upper,1,343.03,800
102595,Portuense,Flat,3,70,1,Upper,4,443.59,800
104277,Parioli,Flat,4,80,1,Upper,4,677.14,1200
103372,Monti,Flat,2,35,0,Ground floor,0,174.25,800
105490,Cassia,Flat,3,70,1,Upper,2,362.76,1200
103662,Piazza Navona,Flat,4,145,1,Upper,4,1172.78,2500
104984,Cassia,Flat,3,60,1,Upper,1,448.31,1050
103775,Monti,Flat,2,65,1,Upper,3,601.82,1150
103281,Castelli Romani,Flat,2,50,1,Upper,3,107.87,450
105241,Parioli,Flat,2,55,1,Ground floor,0,150.54,700
105894,Prati,Flat,3,85,0,Ground floor,0,579.34,1350
105481,Piazza Navona,Flat,4,110,1,Upper,3,898.24,2200
104866,Montagnola,Flat,3,85,1,Upper,2,413.96,900
103231,Piazza Navona,Flat,2,65,1,Upper,2,891.03,1500
103359,Marconi,Flat,2,65,1,Upper,3,582.47,800
103716,Parioli,Flat,3,80,1,Upper,4,390.26,1200
104636,Monte sacro,Flat,3,80,0,Upper,3,176.92,1000
104264,Testaccio,Flat,2,55,1,Upper,3,526.45,1200
102529,Piazza Navona,Flat,5,155,0,Upper,3,873.59,2500
102470,Monti,Flat,3,85,1,Upper,3,695.26,1300
105477,Piazza Navona,Flat,2,60,1,Upper,3,641.05,1500
104362,Monte sacro,Flat,3,100,1,Upper,2,242.84,1100
102555,Prati,Flat,3,100,1,Upper,4,602.89,1500
102331,Monti,Flat,3,80,0,Upper,5,619.70,1400
102994,Piazza Navona,Flat,6,200,0,Upper,5,1200.00,3000
105172,Piazza Navona,Flat,2,60,0,Upper,2,461.19,1450
104323,Castelli Romani,Flat,3,65,0,Upper,1,345.81,650
102631,Monti,Flat,2,45,1,Upper,1,325.75,1000
103234,Piazza Navona,Flat,2,60,1,Upper,2,545.52,1400
104902,Montagnola,Flat,3,90,1,Upper,2,526.99,1000
103899,Parioli,Flat,3,120,1,Upper,3,499.21,1650
105760,Cinecittà,Flat,4,105,1,Upper,3,343.33,950
105925,Monte sacro,Flat,3,80,1,Upper,3,277.41,700
102742,Termini,Flat,3,75,0,Upper,3,350.56,1100
102224,Parioli,Flat,3,105,0,Upper,2,854.72,1500
104222,Cinecittà,Flat,2,80,1,Upper,1,381.76,700
104189,Collatino,Flat,2,40,1,Mezzanine,"0.5",382.59,600
104430,Cinecittà,Flat,2,60,0,Upper,1,175.99,550
104483,Castelli Romani,Flat,2,50,1,Upper,1,109.63,500
102462,Collatino,Flat,2,65,0,Upper,6,163.82,750
104812,Piazza Navona,Flat,3,115,1,Upper,1,822.07,1950
103989,Monti,Flat,3,80,0,Upper,1,221.55,1300
104751,Piazza Navona,Flat,3,100,1,Upper,2,1027.63,2000
102106,Piazza Navona,Flat,3,70,0,Upper,2,566.93,1600
102786,Cassia,Flat,3,60,0,Upper,3,261.69,800
105434,Termini,Flat,3,85,1,Upper,4,137.66,1050
103609,Cinecittà,Flat,3,80,1,Upper,3,359.61,900
102515,Piazza Navona,Penthouse,4,95,1,Upper,4,861.86,1900
102380,Monte sacro,Flat,2,65,1,Ground floor,0,10.00,700
102198,Prati,Flat,2,70,0,Upper,3,271.44,1100
104485,Castelli Romani,Flat,2,75,1,Upper,1,413.38,650
102404,EUR,Flat,2,50,0,Ground floor,0,298.17,700
102660,Marconi,Flat,3,85,1,Upper,2,238.42,950
104199,Trastevere,Flat,2,55,1,Upper,3,373.82,1100
104376,Castelli Romani,Flat,4,120,0,Upper,1,292.69,1050
104302,Monte sacro,Flat,2,70,1,Upper,3,267.48,800
104360,Monti,Flat,3,95,0,Upper,1,611.45,1400
105731,Cinecittà,Flat,2,60,0,Upper,1,348.90,800
103302,Cinecittà,Flat,3,80,0,Ground floor,0,192.28,800
105308,Parioli,Flat,3,85,1,Upper,3,537.04,1150
103380,Parioli,Flat,2,75,1,Upper,1,504.04,1300
103152,Collatino,Flat,3,45,1,Upper,3,10.00,550
103213,Castelli Romani,Flat,2,35,1,Ground floor,0,107.79,350
102587,Castelli Romani,Flat,3,65,1,Ground floor,0,385.99,500
102609,Castelli Romani,Flat,3,70,1,Upper,3,186.62,650
103909,Parioli,Flat,2,60,1,Upper,2,232.29,950
103822,Termini,Flat,2,55,1,Upper,6,295.34,800
104625,Parioli,Flat,2,70,1,Upper,1,378.60,1000
105605,Parioli,Flat,4,110,1,Upper,2,408.92,1400
104648,Portuense,Flat,3,90,0,Upper,1,280.51,1000
103918,Collatino,Flat,2,65,1,Mezzanine,"0.5",382.74,800
104115,Monti,Flat,3,100,1,Upper,1,884.25,1650
102653,Parioli,Flat,6,200,1,Upper,1,1144.68,2450
103661,Monti,Flat,4,155,1,Upper,1,1065.73,2000
103499,Infernetto,Flat,3,70,0,Ground floor,0,318.53,650
104603,Castelli Romani,Flat,2,50,1,Upper,1,326.10,550
102805,EUR,Flat,2,45,1,Upper,6,95.82,700
105961,Portuense,Flat,6,90,1,Upper,1,271.74,1000
102138,Parioli,Penthouse,2,70,1,Upper,5,636.46,1200
105200,Prati,Flat,3,90,1,Upper,6,404.11,1300
102739,Trigoria,Flat,2,50,1,Upper,1,299.84,650
105223,Montagnola,Flat,3,65,1,Upper,1,276.77,850
102966,Trastevere,Flat,2,45,0,Ground floor,0,332.80,1000
103754,Cinecittà,Flat,2,50,1,Upper,4,187.33,650
102824,Montagnola,Flat,3,75,1,Ground floor,0,233.10,900
103173,Infernetto,Flat,4,70,0,Ground floor,0,422.97,700
105187,Monti,Flat,3,80,1,Ground floor,0,607.08,1400
103982,Magliana,Flat,3,70,1,Mezzanine,"0.5",142.80,700
104726,Parioli,Flat,4,115,1,Upper,1,511.64,1500
102098,Monte sacro,Flat,3,95,1,Ground floor,0,112.29,1000
105473,Collatino,Flat,2,45,0,Upper,4,259.38,700
102554,Castelli Romani,Flat,2,45,1,Ground floor,0,207.90,400
105563,Prati,Flat,4,140,0,Upper,5,998.35,2150
104747,Cinecittà,Flat,2,55,1,Upper,8,348.24,700
102240,Cassia,Flat,2,55,1,Ground floor,0,386.41,850
103355,Cassia,Flat,2,70,0,Ground floor,0,318.23,850
104504,Aventino,Flat,3,90,1,Ground floor,0,619.84,1700
104666,Collatino,Flat,3,85,1,Upper,5,226.39,800
105749,Piazza Navona,Flat,6,185,0,Upper,2,1200.00,3000
103461,Castelli Romani,Flat,2,50,1,Upper,1,228.35,400
104177,Monte sacro,Flat,2,70,1,Upper,3,159.75,850
102422,Cinecittà,Flat,2,60,0,Upper,1,364.46,600
102863,Piazza Navona,Flat,2,65,1,Mezzanine,"0.5",553.85,1500
103553,Prati,Flat,4,110,0,Upper,5,609.78,1700
103294,EUR,Flat,2,50,1,Upper,1,186.51,750
105753,Cinecittà,Flat,3,60,1,Upper,2,84.40,650
103405,Cassia,Flat,4,130,0,Upper,3,617.11,1600
104739,Castelli Romani,Flat,4,75,0,Upper,3,452.52,850
105315,Monte sacro,Flat,3,75,0,Upper,4,223.54,1000
104804,Cassia,Flat,3,70,1,Ground floor,0,535.85,1200
104289,Parioli,Flat,2,45,0,Upper,4,199.63,750
105692,Collatino,Flat,4,90,1,Upper,3,374.89,800
102176,Prati,Flat,4,65,1,Upper,1,450.26,1200
102679,Prati,Flat,2,35,1,Upper,5,290.36,850
104351,Termini,Flat,2,45,0,Upper,5,343.65,700
103726,Termini,Flat,4,100,1,Upper,1,698.45,1350
103177,Prati,Penthouse,3,75,0,Upper,6,392.13,1300
102708,Monte sacro,Flat,3,95,0,Upper,4,387.32,900
102668,Portuense,Flat,2,60,1,Upper,3,290.08,750
103562,Monte sacro,Flat,2,40,1,Ground floor,0,90.43,550
103421,Castelli Romani,Flat,2,70,1,Upper,2,157.02,650
105052,Trastevere,Flat,3,45,0,Upper,2,422.18,1200
102340,Parioli,Flat,2,65,1,Ground floor,0,116.42,950
102841,Termini,Flat,2,40,1,Mezzanine,"0.5",345.70,750
104233,Piazza Navona,Flat,4,150,0,Upper,3,1200.00,2550
105527,Ostia,Flat,3,95,0,Upper,1,272.72,1150
103802,Prati,Flat,2,45,1,Ground floor,0,272.38,750
102073,Castelli Romani,Flat,3,60,1,Ground floor,0,125.14,550
105100,Parioli,Flat,3,90,1,Upper,4,592.71,1200
105098,Cinecittà,Flat,2,35,1,Ground floor,0,220.48,550
103988,Infernetto,Flat,3,60,1,Upper,1,305.30,650
105558,Trastevere,Flat,5,145,1,Upper,1,1069.39,2300
105629,Monte sacro,Flat,3,85,1,Upper,1,428.30,900
103265,Castelli Romani,Flat,2,45,1,Upper,3,183.19,400
105471,Castelli Romani,Flat,2,70,0,Upper,2,316.99,650
103182,Cassia,Flat,3,75,0,Upper,1,516.26,1200
105723,Monti,Flat,3,45,1,Upper,1,500.07,1200
102918,Castelli Romani,Flat,3,70,0,Upper,1,234.37,650
105796,Monti,Flat,2,65,0,Upper,4,461.95,1000
102758,Collatino,Flat,2,70,0,Upper,3,163.15,800
105831,Termini,Flat,2,55,1,Mezzanine,"0.5",319.46,950
102358,Prati,Flat,2,70,1,Upper,2,432.38,1200
104123,Trigoria,Flat,3,55,1,Ground floor,0,309.64,700
102896,Testaccio,Flat,2,65,1,Ground floor,0,395.06,1050
102043,Parioli,Flat,4,125,1,Upper,3,793.14,1800
104838,Parioli,Flat,2,110,1,Upper,1,828.01,1750
102322,Monti,Flat,3,80,1,Upper,1,685.80,1400
102243,Cassia,Flat,2,60,0,Upper,3,82.12,850
102702,Magliana,Flat,2,65,1,Upper,1,164.47,650
102835,Parioli,Flat,2,40,1,Upper,1,316.37,900
103191,Prati,Penthouse,2,75,0,Upper,6,712.83,1200
104955,Infernetto,House,3,70,0,Upper,1,263.73,800
105978,Prati,Flat,2,65,1,Mezzanine,"0.5",347.83,950
102365,Piazza Navona,Flat,2,60,0,Upper,4,577.54,1500
102062,Piazza Navona,Flat,2,60,1,Upper,2,694.55,1500
102333,Collatino,Flat,2,75,1,Upper,6,191.12,800
104885,Cassia,Flat,2,45,1,Upper,2,117.33,600
104835,Infernetto,Flat,3,65,1,Ground floor,0,294.62,600
102880,Collatino,Flat,3,90,1,Upper,1,453.29,900
104491,Cassia,Flat,2,60,0,Upper,2,371.00,1000
102441,Prati,Flat,2,65,1,Upper,1,373.81,1100
102606,Castelli Romani,Penthouse,3,65,1,Upper,3,388.65,550
102836,Castelli Romani,Flat,2,60,1,Ground floor,0,45.00,400
103027,Prati,Flat,2,65,0,Upper,3,291.34,600
103626,Collatino,Flat,2,75,1,Upper,7,91.52,800
103260,Collatino,Flat,2,50,1,Mezzanine,"0.5",328.14,600
102525,Castelli Romani,Flat,2,75,1,Upper,2,264.58,600
103579,Trigoria,Flat,2,60,1,Upper,1,166.84,750
104579,Termini,Flat,2,45,0,Ground floor,0,277.38,850
103572,Trastevere,Flat,3,90,1,Upper,2,675.84,1600
102226,Castelli Romani,Flat,2,50,1,Upper,2,202.33,400
105959,Parioli,Flat,2,65,0,Upper,7,245.58,950
105843,Monti,Flat,2,65,0,Upper,3,249.86,1000
105294,Piazza Navona,Penthouse,4,40,1,Upper,3,464.21,1200
103460,Infernetto,Flat,3,70,0,Ground floor,0,353.42,650
102689,Prati,Flat,2,45,0,Upper,1,340.99,850
103712,Monte sacro,Flat,4,100,0,Upper,1,318.30,1100
103520,Parioli,Penthouse,3,75,1,Upper,9,376.54,1200
104692,Monte sacro,Flat,2,70,1,Upper,5,369.00,750
103830,Prati,Flat,2,50,0,Upper,1,289.61,900
102099,Collatino,Penthouse,2,60,1,Upper,7,579.91,800
102300,Infernetto,Flat,3,60,1,Upper,3,193.30,650
102251,Castelli Romani,Flat,2,50,1,Upper,2,112.58,400
104649,Cinecittà,Flat,2,50,1,Upper,8,165.77,700
105395,Prati,Flat,3,155,1,Upper,5,860.44,2200
105709,Piazza Navona,Flat,2,50,0,Upper,1,691.08,1250
104781,Parioli,Flat,2,65,1,Ground floor,0,692.45,1100
102600,Castelli Romani,Flat,2,45,1,Ground floor,0,91.78,450
104134,Piazza Navona,Flat,2,55,1,Upper,1,512.04,1300
103392,Parioli,Flat,2,55,1,Upper,5,376.57,950
103076,Termini,Flat,3,70,0,Upper,3,498.69,1200
103404,Monti,Flat,2,60,1,Ground floor,0,401.47,1050
105185,Castelli Romani,Flat,3,100,1,Upper,1,278.01,800
102027,Collatino,Flat,2,45,0,Upper,3,201.86,500
104390,EUR,Flat,3,80,1,Upper,3,107.29,900
103523,Cassia,Flat,3,70,1,Upper,6,467.85,1050
102003,Collatino,Flat,3,70,0,Upper,2,399.60,800
104862,Piazza Navona,Flat,5,130,0,Upper,3,1200.00,2350
105567,Collatino,Flat,4,70,0,Ground floor,0,110.31,600
102047,Infernetto,Flat,2,50,1,Ground floor,0,10.00,500
104921,Monte sacro,Flat,3,85,0,Upper,1,321.49,850
103587,Monte sacro,Flat,3,65,0,Upper,3,210.54,750
105015,Castelli Romani,Flat,3,75,1,Upper,2,444.41,550
102144,Trigoria,Flat,2,50,1,Ground floor,0,10.00,600
105000,Prati,Penthouse,4,95,1,Upper,7,589.80,1550
104928,Cinecittà,Flat,2,70,1,Upper,2,248.16,550
104916,Parioli,Flat,4,120,1,Upper,1,895.26,1900
103648,Montagnola,Flat,3,85,0,Upper,7,215.60,1000
104381,Cassia,Flat,2,60,1,Ground floor,0,464.01,850
105531,Cinecittà,Flat,3,65,1,Upper,2,405.43,750
103211,Parioli,Flat,2,65,1,Upper,4,485.15,1000
103767,Cinecittà,Flat,2,50,1,Upper,4,232.12,650
103092,Monti,Flat,3,80,1,Upper,2,461.45,1300
104053,Piazza Navona,Flat,4,95,1,Upper,4,723.42,1800
103048,Ostia,Flat,3,65,0,Upper,3,394.78,750
104658,Monte sacro,Flat,3,65,1,Upper,5,162.93,650
105850,Parioli,Flat,4,165,1,Upper,3,930.90,2000
104251,Piazza Navona,Flat,5,160,1,Upper,2,1200.00,2550
105165,Cinecittà,Flat,2,50,1,Ground floor,0,308.29,700
105839,Monti,Flat,2,45,1,Ground floor,0,375.78,750
104546,Montagnola,Flat,4,115,0,Upper,3,485.93,1250
104484,Castelli Romani,Flat,3,70,1,Upper,1,184.82,700
103056,Prati,Flat,4,140,0,Upper,2,919.01,2000
103809,Collatino,Flat,3,75,0,Upper,6,163.40,850
102764,Monte sacro,Flat,2,80,1,Upper,1,431.47,950
104070,Cinecittà,Flat,2,55,1,Upper,2,156.13,650
105926,Castelli Romani,Flat,3,65,1,Upper,2,394.53,700
104901,Cassia,Flat,2,70,0,Ground floor,0,450.58,900
104903,Piazza Navona,Flat,2,75,1,Upper,1,580.26,1500
103065,Magliana,Flat,2,60,1,Ground floor,0,297.04,650
105905,Cinecittà,Flat,3,95,1,Upper,2,306.89,800
104667,Cinecittà,Flat,3,85,1,Upper,4,243.72,900
102428,Cinecittà,Flat,3,80,1,Upper,1,272.42,650
103480,Cinecittà,Flat,2,65,1,Upper,2,271.17,750
103692,Collatino,Flat,3,65,0,Ground floor,0,351.61,700
104397,Ostia,Flat,2,55,1,Upper,3,168.90,750
105488,Prati,Flat,2,50,1,Upper,2,416.19,850
105729,Prati,Flat,2,80,1,Ground floor,0,624.26,1100
103615,Monte sacro,Flat,3,70,1,Upper,2,443.53,850
101988,Monte sacro,Flat,2,60,1,Upper,3,178.69,750
104532,Cinecittà,Flat,2,80,1,Upper,2,284.74,700
102643,Monte sacro,Flat,3,70,1,Ground floor,0,213.01,850
103750,Infernetto,Flat,3,70,1,Upper,2,192.37,650
104477,Cinecittà,Flat,3,90,1,Upper,3,334.71,1000
103094,Parioli,Flat,2,75,1,Upper,3,631.64,1200
105862,Montagnola,Flat,2,40,1,Ground floor,0,14.81,700
105460,Infernetto,Flat,2,55,0,Upper,2,77.74,650
104395,Cinecittà,Flat,2,60,0,Upper,1,246.63,600
105781,Parioli,Flat,2,60,1,Upper,5,94.86,850
105483,Prati,Flat,2,70,1,Upper,2,224.08,1000
104911,Parioli,Flat,4,120,1,Upper,4,812.33,1850
103799,Parioli,Flat,3,60,1,Ground floor,0,247.79,950
104971,Piazza Navona,Flat,2,60,1,Upper,1,686.50,1300
102796,Ostia,Flat,2,65,1,Upper,1,40.43,700
104651,Monte sacro,Flat,3,85,0,Upper,2,458.16,1050
102218,Monti,Flat,3,90,0,Upper,3,635.77,1500
104244,Parioli,Flat,4,110,1,Upper,5,493.82,1600
105089,Cinecittà,Flat,3,75,0,Upper,1,367.32,800
102610,Parioli,Flat,2,50,1,Ground floor,0,304.90,850
103922,Prati,Flat,4,125,0,Upper,2,666.18,1700
103614,Parioli,Flat,4,135,1,Upper,2,756.05,1700
103686,Cassia,Flat,2,65,1,Upper,3,348.82,900
105339,Monte sacro,Flat,3,55,1,Ground floor,0,160.48,650
104019,Prati,Flat,3,95,0,Upper,7,730.11,1400
103908,Infernetto,Flat,3,70,1,Mezzanine,"0.5",342.62,800
104394,Parioli,Flat,2,75,0,Mezzanine,"0.5",376.08,1100
103665,Cinecittà,Flat,3,70,0,Ground floor,0,203.46,800
103096,Termini,Flat,2,85,1,Upper,4,496.00,1200
102415,Portuense,Flat,3,85,1,Upper,1,386.84,900
104782,Portuense,Flat,2,55,1,Ground floor,0,224.85,650
104393,Castelli Romani,Flat,4,110,1,Ground floor,0,172.07,950
105156,Parioli,Penthouse,3,60,1,Upper,4,284.04,1200
104575,Collatino,Flat,2,55,0,Upper,5,294.22,700
103850,Prati,Flat,2,55,1,Upper,1,639.19,850
103376,Prati,Flat,3,85,1,Upper,3,690.31,1300
104200,Trastevere,Flat,2,50,1,Upper,1,586.15,1000
105932,Piazza Navona,Flat,2,60,1,Upper,1,559.55,1550
105288,Piazza Navona,Flat,3,75,1,Upper,1,602.23,1500
104421,Castelli Romani,Flat,2,65,1,Ground floor,0,239.13,700
102628,Cassia,Flat,2,65,0,Upper,1,185.14,900
104650,Infernetto,Flat,3,75,0,Upper,1,146.90,600
104456,Ostia,Flat,3,85,0,Upper,2,493.97,850
102397,Cinecittà,Flat,3,85,0,Upper,4,214.46,900
102961,Piazza Navona,Flat,2,50,1,Ground floor,0,336.59,1300
102007,Collatino,Flat,3,60,1,Upper,2,448.01,600
104076,Aventino,Flat,2,50,0,Ground floor,0,421.17,1200
102619,Cinecittà,Flat,3,60,1,Ground floor,0,24.07,600
103308,Monti,Flat,3,65,1,Mezzanine,"0.5",648.36,1250
103790,Montagnola,Flat,4,135,1,Upper,1,620.03,1500
105356,Parioli,Flat,2,50,0,Upper,7,317.90,750
102549,Monte sacro,Flat,2,70,1,Mezzanine,"0.5",328.74,800
104660,Parioli,Flat,5,110,1,Upper,3,737.33,1500
104240,Cinecittà,Flat,3,90,0,Upper,3,309.15,850
105747,Trastevere,Flat,2,40,1,Upper,1,429.89,850
103200,Cassia,Flat,5,120,0,Ground floor,0,472.56,1500
102834,Castelli Romani,Flat,3,60,1,Upper,1,328.19,550
103878,Piazza Navona,Flat,2,60,0,Ground floor,0,326.41,600
105478,Monti,Flat,2,40,1,Ground floor,0,411.17,800
105920,Castelli Romani,Flat,2,70,1,Upper,1,130.73,700
105826,Cinecittà,Flat,3,65,0,Ground floor,0,145.62,600
104022,Collatino,Flat,3,70,0,Upper,3,233.96,800
102210,Cassia,Flat,4,110,0,Upper,1,578.81,1450
105290,Piazza Navona,Flat,3,75,1,Upper,1,492.53,1500
103837,Infernetto,Flat,2,45,1,Upper,2,361.78,550
102706,Ostia,Flat,2,60,1,Mezzanine,"0.5",179.95,650
102576,Collatino,Flat,3,70,0,Upper,3,60.55,750
104391,Trastevere,Flat,2,50,1,Upper,2,241.28,1000
104898,Parioli,House,2,20,1,Upper,1,100.76,450
103162,Marconi,Flat,2,60,1,Ground floor,0,50.74,750
104582,Castelli Romani,Penthouse,3,60,1,Upper,3,379.53,650
103512,Castelli Romani,Flat,2,55,0,Upper,2,173.99,550
103151,Piazza Navona,Penthouse,3,100,1,Upper,4,821.08,1950
102847,Portuense,Flat,2,60,1,Upper,1,100.43,850
103285,Infernetto,Flat,3,85,1,Upper,1,425.98,800
104993,Marconi,Flat,4,95,1,Upper,7,334.98,1000
105078,Cassia,Flat,2,70,0,Upper,2,521.37,1100
105743,Parioli,Flat,3,60,1,Upper,1,418.75,1050
102215,Monti,Flat,2,65,1,Upper,2,574.00,1200
105335,Termini,Flat,4,115,0,Upper,6,408.35,1500
102132,Monte sacro,Flat,2,85,1,Upper,2,397.31,900
104495,Castelli Romani,Flat,4,80,0,Ground floor,0,156.59,850
105912,Montagnola,Flat,3,105,1,Upper,3,408.86,1200
103491,Castelli Romani,Flat,3,70,1,Ground floor,0,280.79,650
104104,Trastevere,Flat,3,55,0,Upper,1,386.49,950
104219,Cinecittà,Flat,2,70,0,Upper,1,158.64,850
105164,Cinecittà,Flat,3,80,0,Upper,8,160.22,750
104988,Infernetto,Flat,2,40,1,Ground floor,0,221.61,550
104254,Parioli,Flat,2,55,1,Upper,5,477.84,1150
102159,Prati,Flat,3,75,1,Upper,6,347.80,1300
105001,Castelli Romani,Flat,3,75,1,Upper,2,147.82,550
104015,Ostia,House,3,70,1,Upper,1,165.16,750
102377,Cinecittà,Flat,2,40,1,Upper,1,10.00,500
103633,Castelli Romani,Flat,2,70,1,Mezzanine,"0.5",190.51,700
102209,Cassia,Flat,2,55,0,Upper,1,295.52,800
104328,Piazza Navona,Flat,4,145,0,Upper,5,1069.53,2300
103834,Parioli,Flat,2,45,0,Ground floor,0,477.42,700
104763,Castelli Romani,Flat,3,35,1,Upper,1,209.65,400
102919,Termini,Flat,3,85,1,Upper,4,439.41,1200
105779,Piazza Navona,Flat,3,70,1,Upper,2,901.36,1800
102232,Cassia,Flat,2,45,1,Upper,4,318.64,700
102921,Ostia,Penthouse,3,100,1,Upper,5,446.99,1100
104164,Piazza Navona,Flat,2,60,1,Upper,2,277.07,1400
105565,Monte sacro,Flat,2,55,0,Upper,3,302.56,800
104607,Parioli,Flat,3,115,0,Ground floor,0,887.54,1600
103881,Collatino,Flat,2,75,1,Ground floor,0,144.09,850
105573,Castelli Romani,Flat,2,55,0,Mezzanine,"0.5",138.63,450
103600,Monte sacro,Flat,2,50,1,Ground floor,0,182.01,700
103904,Marconi,Flat,2,70,1,Upper,6,153.73,750
105851,Collatino,Flat,3,100,1,Upper,2,365.13,850
105031,Cinecittà,Flat,2,75,1,Upper,7,296.34,750
104067,Ostia,Flat,3,70,1,Upper,1,122.13,750
102036,Collatino,Flat,3,85,1,Ground floor,0,348.57,900
103795,Marconi,Flat,2,65,1,Upper,3,203.16,850
103611,Ostia,Flat,3,80,1,Upper,1,337.59,800
102499,EUR,Flat,2,40,0,Ground floor,0,649.85,650
103977,Piazza Navona,Flat,2,65,1,Upper,1,259.92,950
105584,Prati,Flat,3,55,1,Upper,3,368.38,900
104678,Collatino,Flat,3,85,1,Upper,4,487.70,850
104917,Cinecittà,Flat,2,50,1,Upper,1,204.46,650
103051,Infernetto,Flat,4,70,1,Ground floor,0,57.05,700
105627,Castelli Romani,Flat,2,35,1,Upper,5,180.92,500
103391,Trigoria,Flat,2,50,1,Upper,3,426.08,650
103643,Monti,Flat,3,100,1,Upper,5,708.93,1600
102726,Trigoria,Flat,2,55,0,Upper,6,365.48,700
102403,Infernetto,Flat,2,65,1,Upper,1,252.27,600
104784,Marconi,Flat,5,80,1,Upper,4,379.15,1100
104385,Monti,Flat,2,55,1,Upper,4,617.65,1200
103235,Termini,Flat,2,55,1,Upper,3,225.62,1000
103704,Prati,Flat,2,35,1,Upper,1,458.55,950
105124,Prati,Flat,2,65,1,Upper,2,202.07,1200
103351,Parioli,Flat,2,55,1,Upper,1,379.08,900
104721,Cinecittà,Flat,3,90,0,Upper,4,344.02,900
103145,Prati,Flat,2,70,1,Mezzanine,"0.5",333.89,1150
103249,Marconi,Flat,3,90,0,Upper,3,320.57,1000
104570,Prati,Flat,4,110,0,Upper,2,563.93,1500
104562,Termini,Flat,2,50,1,Upper,2,220.92,1000
104463,Collatino,Flat,2,45,0,Upper,3,301.52,650
104124,Collatino,Flat,4,80,1,Upper,2,165.29,850
105962,Prati,Flat,5,200,1,Upper,1,1114.55,2300
103970,Trastevere,Flat,3,75,1,Upper,1,314.21,1300
105336,Prati,Flat,2,75,0,Upper,2,526.89,1000
105043,Termini,Flat,4,120,1,Upper,4,640.00,1500
102993,Infernetto,Flat,2,50,1,Ground floor,0,62.41,500
103687,Castelli Romani,Flat,2,55,0,Upper,1,90.97,600
104029,Trastevere,Flat,2,65,1,Mezzanine,"0.5",384.45,1150
102141,Collatino,Flat,3,65,1,Upper,6,489.46,750
104339,Piazza Navona,Flat,3,100,1,Upper,2,902.45,1950
102129,Parioli,Flat,3,100,0,Upper,1,506.22,1400
104699,Parioli,Flat,2,35,1,Ground floor,0,448.24,600
102284,Monte sacro,Flat,2,70,1,Upper,2,482.37,800
103925,Marconi,Flat,2,55,0,Upper,3,238.89,700
103377,Termini,Flat,2,50,1,Upper,4,318.19,850
102450,Collatino,Flat,2,75,0,Upper,6,281.57,800
103682,Castelli Romani,Flat,3,70,1,Ground floor,0,372.01,700
101989,Castelli Romani,Flat,4,70,1,Upper,1,429.19,550
105931,Piazza Navona,Flat,2,45,1,Upper,1,317.43,1100
102547,Testaccio,Flat,2,50,1,Upper,2,399.88,950
105458,Cinecittà,Flat,2,45,1,Upper,8,170.66,700
103378,Parioli,Flat,2,60,1,Ground floor,0,508.90,1000
103804,Cassia,Flat,4,130,1,Upper,2,639.07,1600
102058,Collatino,Flat,2,75,0,Upper,3,349.43,800
103677,Prati,Flat,2,35,1,Ground floor,0,61.01,700
103901,Castelli Romani,Flat,3,75,1,Ground floor,0,350.37,750
103574,Parioli,Flat,3,110,1,Upper,4,661.19,1500
105943,Trastevere,Flat,5,130,1,Upper,2,1150.72,2100
102206,Piazza Navona,Flat,2,85,0,Upper,1,660.20,1700
105215,Monti,Flat,2,45,1,Ground floor,0,326.30,850
105712,Montagnola,Flat,3,80,0,Upper,2,303.24,1100
104286,Marconi,Flat,3,60,1,Upper,6,388.99,800
105141,Monte sacro,Flat,2,50,1,Upper,1,152.01,700
105511,Termini,Flat,3,75,1,Upper,3,542.96,1100
103439,Collatino,Flat,3,70,1,Upper,2,231.90,700
103119,Monte sacro,Flat,2,65,1,Upper,5,203.56,700
102021,Castelli Romani,Flat,3,65,0,Ground floor,0,182.56,550
104606,Piazza Navona,Flat,3,85,0,Upper,1,577.12,1600
105640,Aventino,Flat,2,55,1,Upper,3,529.36,1200
105872,Castelli Romani,Flat,3,100,1,Upper,2,120.95,750
104446,Collatino,Flat,3,80,0,Upper,2,139.91,900
104136,Cassia,Flat,2,60,1,Upper,2,378.63,1000
105871,Parioli,Flat,2,45,1,Ground floor,0,525.28,1100
102110,Monte sacro,Flat,2,75,1,Mezzanine,"0.5",517.32,800
105686,Monti,Flat,2,35,1,Upper,1,605.31,1000
103440,Collatino,Flat,3,75,1,Upper,2,114.37,750
104464,Cassia,Flat,2,70,1,Upper,3,475.43,1100
104443,Parioli,Flat,2,40,1,Upper,5,274.11,700
103859,Castelli Romani,Flat,3,65,1,Upper,1,65.84,700
105137,Monti,Flat,3,80,1,Upper,4,551.24,1400
104283,Monte sacro,Flat,3,70,1,Upper,2,505.23,700
105305,Piazza Navona,Flat,4,90,1,Upper,3,862.93,1700
105476,Collatino,Flat,2,75,1,Upper,4,132.26,900
102195,Monti,Flat,3,80,0,Ground floor,0,349.28,1400
104836,Castelli Romani,Flat,3,75,0,Upper,1,41.72,700
105768,Cassia,Flat,2,50,1,Upper,2,170.47,600
102819,Parioli,Flat,2,70,1,Upper,2,454.13,1100
105969,Parioli,Flat,2,50,0,Ground floor,0,263.77,700
103755,Collatino,Flat,3,85,0,Upper,8,425.10,1050
102196,Parioli,Flat,2,60,1,Ground floor,0,410.41,900
103857,Ostia,Flat,4,80,1,Upper,1,354.63,850
103277,Prati,Flat,2,65,0,Ground floor,0,318.79,1050
104827,Parioli,Flat,2,55,1,Upper,2,216.53,850
105622,Piazza Navona,Flat,2,55,1,Ground floor,0,311.31,1200
103419,Prati,Flat,2,45,1,Upper,1,525.08,1000
104368,Monte sacro,Flat,2,65,0,Upper,2,232.92,900
102031,Cinecittà,Flat,2,60,0,Upper,3,232.00,700
102885,Monte sacro,Flat,3,90,0,Ground floor,0,411.92,950
102623,Infernetto,Flat,2,50,1,Upper,2,221.88,500
105746,Parioli,Flat,3,85,1,Upper,2,291.17,1100
104054,Castelli Romani,Flat,2,80,0,Mezzanine,"0.5",474.96,750
104226,Trastevere,Flat,2,50,1,Upper,2,336.88,1000
104909,Piazza Navona,Flat,5,190,1,Upper,3,1200.00,3000
104337,Castelli Romani,Flat,2,45,1,Upper,2,350.12,450
104604,Infernetto,Flat,3,100,1,Upper,1,43.08,850
104343,Collatino,Flat,3,80,1,Upper,6,81.06,900
102072,Infernetto,Flat,2,60,1,Upper,3,335.44,650
105316,Termini,Flat,4,90,0,Mezzanine,"0.5",645.54,1500
102556,Prati,Flat,3,100,0,Upper,4,477.25,1500
105341,Parioli,Flat,3,100,0,Upper,3,563.05,1350
102684,Parioli,Flat,2,60,0,Upper,1,574.06,1150
102136,Infernetto,Penthouse,3,80,1,Upper,2,10.00,800
103652,Castelli Romani,Penthouse,3,85,1,Upper,1,528.57,850
105886,Piazza Navona,Flat,3,70,1,Mezzanine,"0.5",586.96,1400
104779,Castelli Romani,Flat,2,70,0,Upper,1,210.84,450
102057,Collatino,Flat,3,65,1,Upper,5,199.83,750
104387,Portuense,Flat,2,45,0,Upper,4,368.83,750
102638,Collatino,Flat,2,70,1,Upper,7,310.51,750
102540,Montagnola,Flat,2,55,1,Ground floor,0,482.53,700
104143,Prati,Flat,2,55,1,Upper,4,365.71,950
104710,Castelli Romani,Flat,3,70,1,Upper,2,248.60,750
103417,Montagnola,Penthouse,3,80,1,Upper,5,492.19,1100
105504,Montagnola,Flat,3,85,1,Upper,1,93.10,800
103912,Collatino,Flat,2,60,1,Upper,3,309.44,700
102024,Castelli Romani,Flat,3,55,1,Upper,3,268.43,550
103888,Termini,Flat,3,80,1,Upper,3,669.20,1150
105899,Castelli Romani,Flat,2,35,0,Upper,1,336.10,450
104005,Portuense,Flat,2,65,0,Upper,3,319.56,800
105161,Collatino,Flat,4,90,1,Upper,3,278.93,850
102604,Monti,Flat,2,65,0,Upper,2,392.22,1150
102302,Cassia,Flat,2,60,0,Upper,3,179.31,900
105792,Parioli,Flat,5,140,1,Upper,1,667.51,1800
102584,Ostia,Flat,3,65,0,Mezzanine,"0.5",197.75,850
103524,Monte sacro,Flat,2,40,1,Ground floor,0,10.00,550
103598,Piazza Navona,Flat,2,65,1,Upper,2,687.41,1550
102011,Infernetto,Flat,2,60,1,Upper,1,303.48,650
103433,Collatino,Penthouse,6,95,0,Upper,7,472.56,1200
104621,Collatino,Flat,2,75,0,Upper,7,355.27,700
102019,Cinecittà,Flat,2,55,0,Upper,4,175.63,600
105751,Monte sacro,Flat,3,85,1,Upper,2,442.10,800
103476,Cinecittà,Flat,3,95,1,Upper,1,321.70,1000
102697,Prati,Flat,2,35,0,Upper,1,258.98,850
102395,Monte sacro,Flat,2,65,1,Mezzanine,"0.5",80.64,650
104044,Cinecittà,Flat,2,35,1,Upper,1,363.80,450
103707,Parioli,Flat,2,50,0,Mezzanine,"0.5",335.67,800
102693,Cassia,Flat,2,35,0,Ground floor,0,320.20,700
104092,Cinecittà,Flat,2,60,1,Upper,3,347.94,550
105889,EUR,Flat,3,100,0,Upper,6,349.31,1000
104547,Cinecittà,Flat,2,35,1,Ground floor,0,161.43,450
103709,Trastevere,Flat,3,65,1,Upper,2,676.84,1400
103387,Piazza Navona,Flat,3,65,0,Upper,1,678.81,1600
104128,Castelli Romani,Flat,3,65,1,Upper,2,295.07,450
102338,Castelli Romani,Flat,2,50,1,Upper,1,212.07,350
104602,Prati,Flat,3,90,0,Upper,1,758.70,1400
104635,Marconi,Flat,2,65,1,Ground floor,0,238.94,700
105873,Castelli Romani,House,2,45,1,Upper,1,269.68,550
104814,Cinecittà,Flat,2,55,1,Upper,2,10.00,600
102264,Monte sacro,Penthouse,2,80,1,Upper,3,421.45,900
102162,Monte sacro,Flat,2,90,1,Upper,2,417.93,1100
105245,Magliana,Flat,3,60,1,Upper,1,247.02,800
101997,Castelli Romani,Flat,3,75,1,Ground floor,0,43.96,650
103826,EUR,Flat,2,45,0,Ground floor,0,302.12,650
102332,Prati,Flat,2,40,0,Upper,3,390.06,800
103586,Monte sacro,Flat,2,55,1,Ground floor,0,321.78,700
102225,Piazza Navona,Flat,3,55,1,Upper,1,838.88,1500
103608,Trigoria,Flat,2,40,1,Ground floor,0,165.15,500
105585,Monti,Flat,3,90,1,Upper,1,274.56,1300
104389,Cassia,Flat,2,60,1,Ground floor,0,235.71,750
102364,Parioli,Flat,2,55,1,Upper,3,478.28,1100
102815,Castelli Romani,Flat,3,65,1,Ground floor,0,217.26,500
102519,Monte sacro,Flat,2,45,0,Ground floor,0,223.82,600
103748,Cassia,Flat,2,55,0,Upper,3,385.49,900
105232,Monte sacro,Flat,3,75,0,Upper,3,120.07,700
105011,Piazza Navona,Flat,4,100,0,Upper,2,987.67,2000
102932,Cinecittà,Penthouse,3,90,1,Upper,4,468.83,900
104689,Piazza Navona,Flat,3,95,1,Upper,2,760.68,1700
104545,Aventino,Flat,3,90,1,Upper,2,720.44,1700
103125,Ostia,Flat,3,70,1,Ground floor,0,413.16,800
104661,Prati,Flat,2,75,1,Upper,1,471.05,1050
104521,Ostia,Flat,2,60,1,Upper,2,473.25,650
103683,Cinecittà,Flat,3,70,1,Upper,5,271.95,800
104818,Piazza Navona,Flat,3,90,1,Upper,3,788.40,1650
104662,Monti,Flat,3,80,1,Ground floor,0,574.10,1400
105610,Piazza Navona,Flat,2,60,1,Upper,1,356.59,1300
102713,Monti,Flat,2,70,1,Upper,3,508.65,1300
102550,Montagnola,Penthouse,2,80,1,Upper,5,195.93,950
102000,Collatino,Flat,3,60,0,Upper,2,166.39,750
102707,Piazza Navona,Flat,2,50,0,Upper,2,532.84,1400
104322,Monti,Flat,2,55,1,Upper,1,422.00,1000
105817,Parioli,Flat,3,70,0,Upper,1,443.60,950
105287,Infernetto,Flat,2,60,1,Upper,1,268.70,500
105221,Termini,Flat,4,95,1,Upper,5,765.72,1500
105649,Parioli,Flat,3,95,1,Upper,3,406.33,1300
103084,Cinecittà,Flat,3,85,1,Upper,2,204.28,850
102542,Cassia,Flat,2,65,1,Upper,2,327.18,900
103328,Prati,Flat,3,80,0,Upper,4,662.76,1400
102743,Piazza Navona,Flat,2,70,0,Upper,3,634.69,1600
104265,Parioli,Flat,3,60,0,Upper,1,278.55,950
104583,Prati,Flat,5,105,1,Upper,1,622.57,1500
102589,Castelli Romani,Flat,2,60,1,Upper,2,101.60,450
105520,Aventino,Flat,2,45,1,Upper,1,437.41,900
104518,Ostia,Flat,2,70,0,Ground floor,0,220.01,650
103552,Cinecittà,Flat,2,60,1,Ground floor,0,206.31,650
103920,Ostia,Penthouse,3,80,1,Upper,5,133.45,850
104561,Cinecittà,Flat,3,60,0,Upper,4,192.37,800
102185,Castelli Romani,Flat,2,50,0,Ground floor,0,277.48,400
104713,Termini,Flat,2,45,1,Upper,8,248.11,750
103283,Parioli,Flat,2,65,1,Upper,1,329.63,1000
105154,Castelli Romani,Flat,3,70,1,Upper,3,249.36,450
102272,Prati,Flat,2,65,1,Upper,6,730.27,1150
103771,Ostia,Flat,3,90,0,Upper,4,418.94,1100
104508,Parioli,Flat,2,45,1,Upper,2,283.55,1100
105333,Castelli Romani,Flat,2,50,1,Upper,1,163.54,550
105639,Trastevere,Flat,2,50,1,Upper,1,357.94,950
103871,Castelli Romani,Flat,3,65,1,Ground floor,0,68.95,450
105526,Cassia,Flat,2,60,1,Ground floor,0,187.95,850
104940,Castelli Romani,House,3,70,1,Upper,1,193.88,450
102017,Cinecittà,Flat,2,50,1,Upper,1,279.04,500
102799,Infernetto,Flat,2,55,0,Mezzanine,"0.5",239.39,550
104298,Prati,Flat,2,60,1,Upper,1,456.60,1150
104668,Piazza Navona,Flat,3,75,0,Upper,1,570.11,1500
103794,Trastevere,Flat,3,165,1,Upper,3,740.45,2300
105129,Monti,Flat,2,45,0,Ground floor,0,132.12,800
103921,Monte sacro,Flat,2,65,0,Upper,1,194.94,800
104526,Parioli,Flat,4,150,0,Upper,1,817.44,1850
103782,Monti,Flat,2,55,1,Upper,3,286.11,1000
102632,Cinecittà,Flat,2,55,1,Upper,4,118.05,650
104221,Aventino,Flat,3,105,1,Upper,2,633.99,1700
103206,Collatino,Flat,3,75,1,Upper,7,10.00,850
104065,Cassia,Flat,4,85,1,Upper,1,358.41,850
105424,Trastevere,Flat,2,75,1,Upper,2,489.70,1300
105149,Prati,Flat,4,90,1,Upper,1,586.02,1600
105214,Piazza Navona,Flat,3,70,1,Upper,2,602.70,1550
104975,Testaccio,Flat,3,50,0,Upper,2,483.10,1000
102297,Infernetto,Flat,3,75,1,Ground floor,0,347.34,750
103865,Prati,Flat,2,35,1,Upper,1,109.80,800
102312,Monte sacro,Flat,3,80,1,Upper,3,322.21,900
102068,Infernetto,Flat,2,70,1,Ground floor,0,236.87,600
103072,Collatino,Flat,2,45,1,Upper,3,99.32,500
103807,Monti,Flat,2,55,1,Upper,3,414.90,1000
103239,Infernetto,Penthouse,2,80,1,Upper,5,248.57,750
105719,Castelli Romani,Flat,2,65,0,Mezzanine,"0.5",343.74,700
103301,Prati,Flat,3,75,1,Upper,1,564.81,1200
105916,Collatino,Flat,2,50,1,Upper,5,264.96,800
102044,Monte sacro,Flat,2,65,0,Ground floor,0,232.39,750
102948,Prati,Flat,3,85,0,Upper,8,585.46,1450
105181,Monte sacro,Flat,2,55,0,Upper,1,100.94,750
103156,Collatino,Flat,3,65,1,Upper,6,363.35,700
104859,Infernetto,Flat,2,45,1,Ground floor,0,144.24,450
102087,Piazza Navona,Flat,2,35,1,Ground floor,0,568.34,1150
104004,Cassia,Flat,2,40,1,Upper,2,195.51,700
103846,Termini,Flat,2,50,0,Ground floor,0,10.00,750
104760,Piazza Navona,Flat,4,145,1,Upper,4,1175.56,2500
103266,Parioli,Flat,3,95,1,Upper,1,490.43,1400
103783,Monte sacro,Flat,2,65,1,Upper,6,358.88,850
103821,Monte sacro,Flat,4,80,1,Upper,5,94.31,1000
102645,Cinecittà,Flat,2,65,0,Upper,3,172.57,650
102833,Monte sacro,Flat,3,75,1,Upper,2,516.48,850
105701,Castelli Romani,Flat,3,70,0,Upper,2,276.85,400
102950,Castelli Romani,Flat,3,60,1,Upper,1,111.41,500
105934,Monte sacro,Flat,2,45,1,Ground floor,0,448.37,700
104000,Piazza Navona,Flat,2,60,0,Upper,1,557.98,1400
104565,Monte sacro,Flat,3,70,1,Mezzanine,"0.5",63.28,650
103763,Monti,Flat,4,135,0,Upper,1,1191.15,2000
105183,Parioli,Flat,3,80,1,Upper,1,709.25,1400
105023,Monti,Flat,3,75,1,Upper,2,510.32,1200
103039,Infernetto,Flat,2,55,1,Ground floor,0,356.18,450
103131,Prati,Flat,3,90,0,Mezzanine,"0.5",628.17,1350
105120,Monte sacro,Flat,3,70,1,Upper,6,564.14,1000
104730,Castelli Romani,Flat,2,60,1,Mezzanine,"0.5",94.00,700
105025,Piazza Navona,Flat,2,40,0,Upper,1,596.07,1100
104883,Montagnola,Flat,2,65,0,Upper,1,181.40,750
103270,Monte sacro,Flat,2,50,1,Upper,3,48.25,600
103428,Collatino,Flat,2,80,0,Upper,2,312.78,850
105130,Castelli Romani,Flat,2,50,1,Upper,1,500.39,550
103949,Prati,Flat,2,65,1,Upper,2,381.49,950
102266,Marconi,Flat,3,75,0,Upper,8,271.87,900
105298,Prati,Flat,2,55,1,Upper,1,397.25,1200
103653,Cinecittà,Flat,2,75,1,Upper,2,487.42,700
103251,Piazza Navona,Flat,2,70,0,Upper,3,589.69,1550
105256,Parioli,Flat,2,75,1,Upper,3,391.72,1350
105272,Testaccio,Flat,3,90,0,Upper,6,386.39,1200
103620,Portuense,Penthouse,2,55,0,Upper,5,143.32,650
102511,Cinecittà,Flat,3,70,1,Upper,1,258.19,800
104410,Parioli,Flat,2,100,1,Upper,1,275.10,1500
105190,Piazza Navona,Flat,2,55,1,Upper,3,353.38,1250
103543,Parioli,Flat,2,65,1,Ground floor,0,279.61,1100
103538,EUR,Flat,2,65,1,Upper,2,342.59,850
102279,Collatino,Flat,2,70,1,Upper,5,325.80,750
105802,Monti,Flat,3,75,1,Upper,5,527.71,1250
105788,Piazza Navona,Flat,3,50,1,Upper,4,579.54,1200
105688,Prati,Flat,4,95,1,Mezzanine,"0.5",399.98,1400
103973,Cinecittà,Flat,3,75,1,Mezzanine,"0.5",357.96,700
102443,Termini,Flat,4,90,0,Upper,3,595.54,1350
104209,Piazza Navona,Flat,2,50,0,Upper,2,633.14,1500
104845,Parioli,Penthouse,3,125,1,Upper,5,600.10,1750
103040,Parioli,Flat,2,60,0,Upper,3,290.04,1000
102131,Piazza Navona,Flat,2,85,1,Upper,1,689.98,1700
103154,Monte sacro,Flat,3,85,1,Upper,3,275.21,1000
104409,Cassia,Flat,2,70,0,Upper,2,393.90,1050
105556,Infernetto,Flat,2,40,1,Ground floor,0,464.48,550
104711,Trigoria,Flat,2,50,0,Ground floor,0,91.90,650
104467,Parioli,Flat,3,85,1,Ground floor,0,199.98,1250
103188,Parioli,Flat,2,55,1,Upper,4,182.57,950
104961,Castelli Romani,Flat,2,90,1,Upper,2,67.86,750
104614,Prati,Flat,2,50,1,Ground floor,0,223.99,800
104139,Piazza Navona,Flat,4,130,1,Upper,1,907.91,2200
104626,Monte sacro,Flat,3,90,1,Upper,3,678.96,1150
103513,Castelli Romani,Flat,2,60,1,Upper,1,189.80,450
102460,Monte sacro,Flat,2,70,1,Upper,1,483.81,750
105136,Parioli,Flat,4,105,1,Upper,5,691.65,1450
102005,Collatino,Flat,2,70,0,Upper,2,42.24,750
102379,Collatino,Flat,3,70,0,Upper,2,245.80,800
105836,Monte sacro,Flat,3,75,1,Upper,3,66.16,650
105475,Prati,Flat,4,105,1,Upper,6,604.08,1550
105553,Prati,Flat,4,120,1,Upper,1,896.49,1600
104006,Cassia,Flat,2,35,1,Upper,1,209.79,700
104538,Castelli Romani,Flat,3,55,0,Ground floor,0,303.61,450
104610,Castelli Romani,Flat,2,35,1,Ground floor,0,14.64,350
103462,Piazza Navona,Flat,2,70,0,Upper,2,580.15,1500
104208,Magliana,Flat,3,80,0,Ground floor,0,511.42,700
105933,Monte sacro,Flat,2,45,0,Ground floor,0,104.37,700
102636,Trastevere,Flat,3,65,0,Upper,1,528.63,1250
104284,Marconi,Flat,2,80,1,Upper,3,127.27,800
102387,Monti,Flat,2,55,1,Upper,1,398.86,1100
104454,Ostia,Flat,2,70,1,Upper,3,109.09,700
105079,Trastevere,Flat,5,150,1,Upper,3,1200.00,2300
103526,Castelli Romani,Flat,3,65,1,Upper,1,10.00,550
102498,Trigoria,Flat,4,110,1,Upper,1,358.42,1200
104384,Parioli,Flat,2,55,1,Ground floor,0,346.95,850
105055,Cinecittà,Flat,3,80,1,Upper,1,256.20,700
104170,Trastevere,Flat,2,75,1,Upper,2,317.41,1300
104008,Monte sacro,Flat,2,60,0,Ground floor,0,213.17,800
103348,Castelli Romani,Flat,3,70,1,Ground floor,0,207.97,550
104671,Parioli,Flat,5,90,1,Upper,2,455.34,1300
103550,Prati,Flat,3,90,0,Upper,5,497.55,1400
103890,Montagnola,Flat,3,65,0,Upper,1,285.20,750
102463,Monte sacro,Flat,2,40,1,Ground floor,0,33.08,500
104292,Marconi,Flat,2,70,1,Upper,7,392.50,950
104912,Castelli Romani,Flat,3,60,1,Upper,1,24.16,350
103884,Prati,Flat,3,95,0,Upper,1,419.28,1500
103632,Ostia,Flat,2,65,1,Upper,1,316.85,750
105370,Parioli,Flat,4,120,1,Mezzanine,"0.5",600.83,1500
104831,Collatino,Flat,2,30,1,Ground floor,0,10.00,500
103386,Monti,Flat,3,75,1,Upper,2,381.94,1150
104263,Parioli,Flat,4,105,1,Upper,2,747.80,1500
105554,Parioli,Flat,4,140,0,Upper,3,597.17,1700
103284,Ostia,Flat,3,80,1,Upper,3,346.29,800
102911,Magliana,Flat,2,60,1,Upper,2,111.17,600
103768,EUR,Flat,2,65,1,Upper,5,279.61,800
104823,Monti,Flat,3,85,1,Upper,1,536.60,1250
104585,Castelli Romani,Flat,2,65,1,Upper,1,484.17,650
105353,Trastevere,Flat,2,60,1,Upper,1,559.91,1050
105145,Cinecittà,Flat,3,75,1,Upper,8,408.06,750
105910,Parioli,Flat,3,80,1,Upper,3,513.61,1500
104891,Parioli,Flat,2,60,1,Upper,4,631.46,1400
105703,Castelli Romani,Flat,3,90,1,Ground floor,0,504.54,950
104121,Castelli Romani,Flat,3,75,1,Ground floor,0,262.18,750
104441,Cassia,Flat,2,60,1,Upper,1,247.25,750
105607,Cassia,Flat,3,50,1,Ground floor,0,329.37,600
105059,Monti,Penthouse,2,85,1,Upper,1,449.24,1500
102033,Collatino,Flat,3,90,1,Upper,5,456.60,1000
104158,Castelli Romani,Flat,2,65,1,Upper,3,459.84,450
104598,Aventino,Flat,3,70,1,Upper,1,446.56,1250
102548,Cassia,Flat,2,75,1,Upper,1,407.98,1050
103700,Marconi,Flat,2,55,1,Upper,1,10.00,700
105198,Monte sacro,Flat,2,35,0,Ground floor,0,335.95,450
105196,Collatino,Flat,3,90,1,Upper,2,502.87,900
104129,Prati,Flat,3,80,1,Upper,1,258.65,1200
102995,Collatino,Flat,3,65,1,Upper,5,340.47,750
103787,Monti,Flat,4,120,1,Ground floor,0,649.48,1900
105854,Prati,Flat,3,90,1,Mezzanine,"0.5",603.17,1300
105845,Piazza Navona,Flat,2,55,1,Upper,3,242.18,1250
104422,Castelli Romani,Flat,3,65,0,Upper,1,230.47,500
105683,Collatino,Flat,3,60,1,Upper,2,512.81,900
102978,EUR,Flat,2,45,0,Ground floor,0,212.68,700
102622,Piazza Navona,Flat,2,75,1,Upper,1,702.81,1600
102979,Ostia,Flat,3,70,1,Ground floor,0,424.81,800
103781,EUR,Flat,3,80,1,Upper,3,296.52,950
103451,Castelli Romani,Flat,2,45,0,Upper,1,10.00,450
102103,Monte sacro,Flat,3,85,1,Upper,7,306.68,1000
104709,Cinecittà,Flat,3,85,1,Upper,4,314.89,850
102124,Castelli Romani,Flat,2,50,0,Upper,3,366.90,400
105203,Cinecittà,Flat,2,35,1,Upper,2,157.77,500
102536,Ostia,Flat,2,65,0,Upper,1,10.00,750
105273,Cassia,Flat,2,50,1,Upper,1,114.55,600
103030,Collatino,Flat,4,115,1,Upper,1,353.62,1150
102516,Parioli,Flat,3,90,0,Upper,3,564.70,1400
103468,Testaccio,Flat,2,55,1,Upper,2,381.09,950
103319,Montagnola,Flat,2,60,1,Upper,2,332.40,750
103170,Monte sacro,Flat,3,65,1,Upper,3,141.28,750
103394,Piazza Navona,Flat,3,100,1,Upper,3,943.82,2000
104998,Collatino,Flat,4,120,0,Upper,1,368.09,1400
105849,Cassia,Flat,2,55,1,Upper,2,491.78,1000
102840,Parioli,Flat,3,90,1,Upper,1,497.55,1400
102733,Aventino,Flat,2,55,1,Upper,1,403.59,1150
105393,Castelli Romani,Flat,2,55,1,Ground floor,0,235.40,500
103663,Cinecittà,Flat,2,65,1,Upper,5,298.12,800
105414,Castelli Romani,Flat,2,50,1,Ground floor,0,10.00,500
102597,Infernetto,Flat,3,95,1,Upper,1,118.79,800
104618,Testaccio,Flat,2,60,1,Upper,4,235.12,950
105689,Castelli Romani,Penthouse,3,70,0,Upper,2,10.00,550
102517,Collatino,Flat,2,75,1,Upper,5,571.33,750
104576,Parioli,Penthouse,3,50,0,Upper,6,439.92,1100
102319,Prati,Flat,2,60,1,Upper,4,84.81,1100
103623,Parioli,Flat,3,85,0,Upper,1,631.01,1400
103252,Cinecittà,Flat,2,60,0,Upper,3,272.04,750
102692,Parioli,Penthouse,3,70,1,Upper,4,411.80,1100
105823,Prati,Flat,3,65,1,Upper,2,513.10,950
104977,Trastevere,Flat,2,60,1,Upper,1,335.92,1200
103792,Ostia,Flat,3,60,1,Upper,3,123.77,800
105813,Parioli,Flat,4,130,1,Upper,1,848.11,1850
104920,Ostia,Flat,2,40,1,Upper,3,209.63,550
102528,Parioli,Flat,2,80,1,Ground floor,0,402.18,1250
105608,Termini,Flat,2,80,1,Upper,3,171.03,1100
105737,Portuense,Flat,3,55,1,Upper,4,268.16,900
102478,Cinecittà,Flat,2,35,1,Upper,7,299.22,600
105408,Infernetto,Flat,2,60,1,Upper,1,339.55,750
104559,Cinecittà,Flat,4,80,0,Upper,1,316.29,750
104375,Marconi,Flat,3,60,1,Upper,1,125.03,800
102559,Cassia,Flat,2,70,1,Upper,2,430.78,1000
103240,Infernetto,Flat,2,60,0,Upper,2,249.28,650
102560,Cassia,Flat,2,45,0,Upper,2,415.97,700
102865,Montagnola,Flat,2,50,0,Upper,1,285.57,700
103788,Cinecittà,Flat,2,50,1,Upper,4,335.69,650
103220,Parioli,Flat,2,50,1,Upper,1,333.49,900
104386,Prati,Flat,4,80,1,Upper,8,232.17,1300
102241,Infernetto,Flat,3,75,1,Ground floor,0,248.58,650
104727,Parioli,Flat,4,100,1,Upper,2,583.90,1550
102608,Cinecittà,Flat,2,65,1,Upper,2,278.11,700
105725,Monti,Flat,3,50,1,Upper,2,291.97,900
103035,Piazza Navona,Flat,2,70,1,Upper,4,620.77,1550
104850,Infernetto,Flat,2,65,1,Ground floor,0,296.38,500
103930,Prati,Flat,3,80,1,Upper,1,475.45,1300
102149,Prati,Flat,4,105,1,Mezzanine,"0.5",892.57,1600
105310,Monte sacro,Flat,2,65,1,Ground floor,0,177.97,850
102590,Piazza Navona,Flat,4,135,1,Upper,2,884.26,2200
102102,Parioli,Flat,4,120,1,Upper,1,730.84,1600
102991,Infernetto,Flat,2,50,0,Ground floor,0,260.59,500
105663,Castelli Romani,Flat,3,90,1,Upper,2,188.96,600
105167,Collatino,Flat,2,55,0,Ground floor,0,330.94,750
104886,Testaccio,Flat,3,80,1,Upper,2,310.07,1150
105151,Cinecittà,Flat,2,50,1,Ground floor,0,235.32,700
103923,Marconi,Flat,3,100,1,Upper,2,207.35,1150
103060,Aventino,Penthouse,3,75,1,Upper,4,641.48,1400
103696,Parioli,Flat,2,40,0,Ground floor,0,84.96,750
103873,Collatino,Flat,2,60,1,Upper,1,244.69,600
105652,Piazza Navona,Flat,3,60,0,Upper,3,318.58,1300
104185,Cinecittà,Flat,2,50,0,Upper,4,158.36,650
105525,Castelli Romani,Flat,3,90,1,Ground floor,0,299.80,600
105029,Monti,Flat,2,60,0,Upper,1,256.50,1000
104612,Piazza Navona,Flat,3,75,0,Upper,1,631.89,1600
103388,Collatino,Flat,3,85,1,Upper,2,231.48,850
102413,Montagnola,Flat,3,85,1,Upper,5,503.33,1100
105389,Monte sacro,Flat,4,70,1,Ground floor,0,230.25,650
105705,Termini,Flat,3,100,0,Upper,1,849.05,1600
102268,Parioli,Flat,2,110,1,Upper,3,824.80,1750
104101,Monti,Flat,3,80,1,Upper,3,418.07,1300
105951,Collatino,Flat,2,55,1,Upper,5,268.67,800
102798,Parioli,Flat,2,50,0,Ground floor,0,225.49,850
102914,Magliana,Flat,2,60,0,Upper,2,118.12,600
105693,Monte sacro,Flat,4,135,0,Upper,5,635.34,1400
104512,Monti,Flat,2,60,1,Upper,3,714.64,1300
105529,Cinecittà,Flat,3,95,1,Upper,5,312.35,900
103091,Castelli Romani,Flat,2,65,1,Ground floor,0,128.44,500
104638,Collatino,Flat,2,55,1,Upper,3,122.49,700
102203,Piazza Navona,Flat,2,55,1,Upper,4,516.63,1500
102875,Piazza Navona,Penthouse,6,190,1,Upper,6,1200.00,3000
105418,Castelli Romani,Flat,2,60,1,Upper,1,203.37,500
103545,Piazza Navona,Flat,4,85,0,Upper,2,805.27,1900
103001,Monte sacro,Flat,2,60,1,Upper,4,195.81,750
101983,Collatino,Flat,3,75,1,Upper,3,329.14,850
104103,Marconi,Flat,3,75,1,Upper,3,325.81,800
105441,Parioli,Flat,2,70,0,Upper,1,456.39,1000
103375,Cassia,Flat,2,50,1,Ground floor,0,229.31,700
102260,Cassia,Flat,2,55,1,Ground floor,0,408.82,800
105855,Monte sacro,Flat,3,40,1,Mezzanine,"0.5",155.07,700
105039,Montagnola,Flat,2,75,1,Upper,1,143.76,800
104691,Testaccio,Flat,2,55,1,Upper,2,431.70,1200
102074,Castelli Romani,Flat,3,80,1,Ground floor,0,135.21,750
105570,Infernetto,Flat,3,55,0,Ground floor,0,74.14,650
102147,Cinecittà,Flat,3,80,1,Upper,1,378.27,950
103999,Trigoria,Flat,3,50,1,Upper,1,497.88,650
102301,Monti,Flat,2,70,1,Upper,3,602.40,1300
103063,Cinecittà,Flat,4,105,0,Upper,3,301.68,1050
102164,Marconi,Flat,2,75,1,Upper,1,258.51,850
103268,Collatino,Flat,2,50,0,Mezzanine,"0.5",399.74,600
102565,Marconi,Flat,3,75,1,Upper,5,557.11,950
105263,Parioli,Flat,3,70,1,Upper,3,413.11,1000
105785,Piazza Navona,Flat,3,60,0,Upper,2,339.46,1100
103396,Parioli,Flat,3,90,1,Upper,2,756.53,1350
103751,Termini,Flat,3,75,1,Upper,1,251.83,1000
103474,Cinecittà,Flat,2,55,1,Upper,1,390.62,550
102407,Castelli Romani,Flat,2,85,1,Upper,2,129.70,600
105869,Trastevere,Flat,3,75,1,Upper,4,589.87,1500
102448,Ostia,Flat,2,50,1,Upper,4,223.42,650
105118,Piazza Navona,Flat,2,50,1,Upper,2,373.22,1200
103844,Cassia,Flat,2,65,1,Ground floor,0,469.31,850
105407,Termini,Flat,3,120,0,Upper,4,677.13,1600
104465,Collatino,Flat,3,70,0,Upper,2,375.89,650
104695,Marconi,Flat,2,55,1,Upper,3,307.99,800
105612,Monti,Flat,3,95,1,Upper,4,841.62,1750
102165,Cinecittà,Flat,3,85,1,Upper,1,227.34,900
102923,Piazza Navona,Flat,2,50,1,Upper,1,524.74,1400
104631,Parioli,Flat,2,55,1,Ground floor,0,411.77,850
105552,Cassia,Flat,3,65,0,Ground floor,0,175.15,750
105242,Termini,Flat,3,115,0,Upper,2,528.69,1400
105909,Aventino,Flat,4,110,0,Upper,2,916.19,1600
102356,Parioli,Flat,3,100,1,Upper,4,501.62,1500
105700,Castelli Romani,Flat,2,55,1,Mezzanine,"0.5",246.15,650
103933,Castelli Romani,Flat,3,65,0,Upper,1,254.38,700
103657,Trastevere,Flat,3,75,0,Upper,4,637.14,1350
104126,Ostia,Flat,2,75,1,Ground floor,0,662.71,800
105326,Castelli Romani,Flat,3,70,1,Upper,1,132.32,500
103915,Monti,Flat,3,80,1,Mezzanine,"0.5",405.16,1350
103593,Piazza Navona,Flat,3,105,1,Upper,1,756.67,1800
105432,Prati,Flat,5,160,1,Upper,5,947.43,2000
105218,Parioli,Flat,2,80,0,Upper,4,560.14,1400
105857,EUR,Flat,2,70,0,Upper,4,376.13,1100
103691,Aventino,Penthouse,2,40,0,Upper,5,141.73,1000
105345,Monti,Flat,2,55,0,Upper,2,243.92,950
103321,Montagnola,Flat,2,65,1,Ground floor,0,275.59,650
103253,Parioli,Flat,2,45,1,Upper,4,325.33,850
105246,Monte sacro,Flat,2,35,0,Ground floor,0,152.63,550
104876,Monte sacro,Flat,2,40,1,Upper,3,18.18,650
103776,Termini,Flat,3,25,1,Upper,3,308.14,600
104404,Parioli,Flat,2,40,0,Ground floor,0,282.56,750
102473,Cassia,Flat,2,55,0,Ground floor,0,10.00,800
105150,Parioli,Flat,3,70,0,Upper,1,674.10,1250
102975,Montagnola,Flat,2,45,0,Ground floor,0,202.25,650
103872,Trastevere,Flat,3,65,0,Upper,2,551.35,1200
103167,Montagnola,Flat,2,60,1,Upper,6,340.91,750
105535,Collatino,Flat,3,90,0,Upper,5,558.96,850
103272,Monti,Flat,2,60,1,Upper,4,76.68,550
103399,Castelli Romani,Penthouse,3,55,1,Upper,4,223.16,450
102119,Piazza Navona,Flat,3,85,0,Upper,2,856.42,1700
102213,Piazza Navona,Flat,2,85,0,Upper,2,496.96,1750
103437,Piazza Navona,Flat,3,60,0,Upper,1,513.34,1500
103797,Cinecittà,Flat,2,45,1,Ground floor,0,38.56,500
105075,Collatino,Flat,3,70,1,Ground floor,0,228.99,650
105976,Trastevere,Flat,3,75,1,Upper,2,734.88,1600
102784,Castelli Romani,Flat,3,65,0,Ground floor,0,129.20,550
104087,Piazza Navona,Flat,2,80,1,Upper,2,772.67,1800
103393,Castelli Romani,Flat,2,50,0,Upper,2,10.00,450
104274,Monti,Flat,2,35,1,Ground floor,0,376.71,800
102988,Trastevere,Penthouse,3,90,1,Upper,5,736.72,1500
102342,Parioli,Flat,2,65,1,Ground floor,0,368.16,1100
102762,Monti,Flat,2,60,1,Upper,2,334.44,1100
103137,Trastevere,Flat,2,55,1,Upper,1,479.30,1100
105881,Prati,Flat,3,95,0,Upper,3,661.57,1300
105457,Infernetto,Villa,5,120,1,Upper,1,366.11,1100
104815,Cinecittà,Flat,2,60,1,Upper,1,203.90,750
102773,Cinecittà,Flat,3,55,1,Upper,3,225.69,600
102370,Termini,Flat,3,60,1,Upper,3,421.84,1000
105228,Marconi,Flat,5,80,1,Upper,2,450.30,1100
102617,Piazza Navona,Flat,3,135,0,Upper,1,1131.37,2250
102872,Montagnola,Flat,3,85,0,Upper,1,502.73,950
102350,Prati,Flat,2,70,0,Upper,2,358.93,1200
103762,Castelli Romani,Flat,3,65,1,Upper,2,390.49,450
102113,Castelli Romani,Flat,3,80,1,Upper,3,161.49,750
103055,Aventino,Flat,3,100,1,Upper,3,633.26,1600
104149,Cassia,Flat,2,60,1,Upper,1,511.87,1000
102747,Marconi,Flat,2,65,1,Upper,3,307.99,800
103675,Monti,Flat,2,45,1,Upper,2,12.10,850
104433,Monte sacro,Flat,2,60,1,Upper,1,155.35,800
102152,Castelli Romani,Flat,2,60,0,Upper,3,10.00,600
102804,Cassia,Flat,2,70,0,Upper,3,398.34,1200
103036,EUR,Flat,2,40,1,Ground floor,0,255.59,650
104594,Monte sacro,Flat,3,95,1,Upper,1,305.91,950
104021,Collatino,Flat,3,75,0,Upper,3,340.32,900
103714,Monte sacro,Flat,2,85,0,Upper,5,333.12,900
102776,Monte sacro,Flat,3,65,0,Upper,2,361.08,800
102969,Parioli,Flat,2,65,1,Upper,3,309.40,1050
103883,Collatino,Flat,3,90,1,Upper,1,347.54,850
103877,Cassia,Flat,3,75,1,Ground floor,0,212.82,1000
102750,Montagnola,Flat,2,50,1,Upper,1,340.54,650
104223,Testaccio,Flat,2,70,1,Mezzanine,"0.5",398.43,1000
105309,Cinecittà,Flat,4,100,1,Upper,5,393.47,950
103126,Monte sacro,Flat,2,70,0,Upper,5,583.28,800
103420,Aventino,Flat,2,45,1,Upper,2,297.90,1000
103415,Cassia,Flat,2,60,0,Upper,1,364.40,800
102485,Monte sacro,Penthouse,2,85,1,Upper,8,576.85,950
103245,Testaccio,Flat,2,65,1,Upper,1,359.01,1050
102172,Collatino,Flat,3,70,1,Upper,1,509.85,750
101985,Castelli Romani,Flat,3,55,1,Upper,1,154.39,450
105494,Termini,Flat,3,105,1,Upper,3,611.63,1600
102452,Cinecittà,Flat,2,60,1,Upper,3,297.99,700
102869,Parioli,Flat,2,40,1,Ground floor,0,182.94,750
105237,Infernetto,Flat,3,85,1,Ground floor,0,370.01,700
105216,Castelli Romani,Flat,4,95,1,Upper,1,279.15,850
105838,Prati,Flat,2,70,1,Upper,6,574.71,1000
104697,Collatino,Flat,2,60,0,Upper,3,226.10,800
103784,Trastevere,Flat,3,65,1,Upper,1,610.82,1200
103075,Piazza Navona,Flat,2,65,1,Upper,2,714.21,1550
103128,Magliana,Flat,3,60,0,Upper,2,478.44,650
103236,Monti,Flat,3,105,1,Upper,3,903.36,1600
105472,Monte sacro,Flat,3,90,1,Upper,6,173.12,850
102664,Marconi,Flat,2,65,0,Ground floor,0,361.75,800
104031,Cassia,Flat,3,80,1,Upper,2,287.10,1150
102012,Infernetto,Flat,2,50,1,Ground floor,0,335.08,500
103715,Parioli,Flat,2,60,1,Ground floor,0,272.03,950
105077,Infernetto,Flat,3,80,0,Upper,1,326.25,650
102346,Trastevere,Flat,2,50,0,Upper,3,563.81,1050
102505,Castelli Romani,Flat,4,100,0,Upper,1,381.33,1000
104064,Parioli,Flat,4,100,1,Ground floor,0,490.47,1300
103000,Parioli,Flat,2,55,1,Upper,1,364.45,900
105593,Parioli,Flat,3,60,0,Mezzanine,"0.5",220.84,1000
103487,Infernetto,Flat,2,45,1,Ground floor,0,226.50,500
105027,Parioli,Flat,4,105,1,Upper,4,602.92,1450
105359,Cassia,Flat,3,110,1,Ground floor,0,574.10,1300
103129,Termini,Flat,2,75,1,Upper,4,464.95,1100
105030,Monti,Flat,2,90,1,Ground floor,0,633.17,1300
105973,Infernetto,Penthouse,2,40,0,Upper,2,292.35,600
105844,Monte sacro,Flat,3,65,1,Upper,1,190.33,800
104193,Cinecittà,Flat,2,60,1,Ground floor,0,278.03,600
105169,Cinecittà,Flat,3,60,0,Upper,3,282.25,550
103163,Collatino,Flat,3,70,0,Upper,6,146.39,750
102927,EUR,Flat,2,35,1,Ground floor,0,187.10,650
102495,Infernetto,Flat,3,80,0,Ground floor,0,319.14,750
102893,Termini,Flat,4,110,0,Upper,2,582.54,1500
103931,Infernetto,Flat,2,50,1,Ground floor,0,48.38,500
104806,Parioli,Flat,4,80,1,Upper,3,500.08,1200
103853,Collatino,Flat,2,40,0,Upper,3,226.87,550
104690,Collatino,Flat,2,50,0,Mezzanine,"0.5",27.13,600
103029,Castelli Romani,Flat,3,75,1,Mezzanine,"0.5",132.54,750
102509,Castelli Romani,Flat,2,55,1,Upper,1,208.19,450
102570,Ostia,Flat,3,80,0,Upper,1,364.69,850
104829,Trastevere,House,5,165,1,Upper,1,844.50,2450
102425,Trastevere,Flat,3,80,1,Upper,2,372.79,1400
102618,EUR,Flat,2,90,0,Upper,3,383.01,1100
102156,Monte sacro,Flat,3,60,1,Ground floor,0,175.43,800
105184,Parioli,Flat,2,90,0,Upper,2,568.82,1200
103510,Termini,Flat,3,145,0,Upper,3,698.12,1800
104358,Monte sacro,Flat,3,90,0,Upper,4,487.12,1100
104040,Castelli Romani,Flat,3,70,0,Upper,1,81.92,500
102303,Monti,Flat,2,60,1,Upper,5,354.59,1250
103101,Monti,Flat,3,80,1,Upper,1,620.25,1200
105266,Parioli,Flat,6,180,0,Upper,1,1107.68,2500
104842,Infernetto,Flat,2,40,1,Ground floor,0,263.90,500
105178,Parioli,Flat,3,85,1,Upper,2,702.77,1250
104050,Piazza Navona,Flat,3,75,1,Upper,1,310.59,1150
105283,Prati,Flat,2,70,1,Upper,1,424.96,1300
105981,Parioli,Flat,2,65,1,Upper,7,319.65,900
105322,Collatino,Flat,4,85,0,Upper,3,340.59,800
104588,Prati,Flat,2,70,0,Ground floor,0,204.35,1050
103605,Cassia,Flat,2,40,1,Upper,1,201.29,700
103448,Monte sacro,Flat,2,50,1,Ground floor,0,405.55,600
104141,Piazza Navona,Flat,3,105,1,Upper,1,1148.57,2000
102753,Parioli,Flat,3,60,1,Mezzanine,"0.5",622.57,1100
103195,Infernetto,Flat,2,60,1,Ground floor,0,376.59,650
103606,Monte sacro,Flat,2,40,1,Ground floor,0,288.63,550
104839,Infernetto,Flat,2,60,1,Ground floor,0,74.40,450
104457,Parioli,Flat,4,140,1,Upper,4,990.16,1800
103893,Castelli Romani,Flat,3,85,1,Ground floor,0,10.00,750
105879,Termini,Flat,2,65,1,Upper,2,222.36,1200
103934,Cassia,Flat,4,175,0,Upper,3,868.58,2150
102728,Termini,Flat,3,95,1,Upper,1,382.94,1350
104580,Castelli Romani,Flat,2,55,1,Ground floor,0,299.58,500
102523,Collatino,Flat,2,65,1,Upper,5,261.79,800
105093,Cinecittà,Flat,2,40,0,Upper,8,107.18,650
104800,Cassia,Flat,2,60,0,Ground floor,0,385.68,1000
104809,Parioli,Flat,3,115,1,Upper,1,829.32,1600
102431,Monti,Flat,3,50,1,Upper,1,480.52,1100
104478,Cassia,Flat,2,50,1,Ground floor,0,347.19,600
102845,Piazza Navona,Flat,3,100,1,Upper,2,1059.35,2000
104609,Castelli Romani,Flat,2,35,1,Ground floor,0,106.19,350
102310,Piazza Navona,Flat,2,50,1,Upper,3,326.16,1350
105421,Cassia,Flat,3,85,1,Upper,2,592.99,1050
105352,Parioli,Flat,2,50,1,Ground floor,0,399.44,750
103694,Cinecittà,Flat,2,70,1,Upper,5,574.00,800
105240,Trastevere,Flat,2,80,1,Upper,2,487.18,1400
103089,Trigoria,Flat,3,60,1,Upper,1,217.12,650
105533,Piazza Navona,Flat,2,60,0,Ground floor,0,262.24,600
105162,Prati,Flat,2,45,0,Upper,2,580.94,1100
102723,Infernetto,Flat,3,65,0,Upper,1,196.16,600
103699,Monti,Flat,4,70,0,Upper,2,426.07,1250
105351,Piazza Navona,Flat,3,100,0,Upper,2,875.91,1750
103577,Parioli,Flat,3,65,1,Upper,2,561.18,1150
102888,Monti,Flat,2,65,1,Mezzanine,"0.5",518.07,1250
104925,Trastevere,Flat,4,140,1,Upper,2,721.59,1950
105621,Monti,Penthouse,2,55,1,Upper,5,561.09,1300
103442,EUR,Flat,3,65,0,Ground floor,0,484.73,750
104195,Cinecittà,Flat,4,75,1,Upper,2,108.70,750
105467,Parioli,Flat,4,160,1,Upper,2,944.63,2000
104967,Cinecittà,Flat,3,70,1,Ground floor,0,247.42,600
102038,Cinecittà,Flat,3,70,1,Upper,3,151.33,750
104573,Termini,Flat,3,120,1,Upper,3,636.26,1550
104058,Piazza Navona,Flat,4,140,1,Upper,1,1030.58,2200
104878,Trastevere,Flat,4,80,1,Upper,3,639.39,1300
103860,Parioli,Flat,3,80,1,Upper,5,484.01,1200
103585,Infernetto,Flat,3,80,1,Upper,1,409.30,750
104972,Parioli,Flat,2,90,1,Upper,5,630.25,1500
103303,Parioli,Flat,6,200,1,Upper,3,1095.84,2550
103111,Castelli Romani,Flat,2,55,1,Upper,2,20.89,450
104833,Marconi,Flat,2,45,1,Upper,3,176.51,700
105718,Piazza Navona,Flat,3,65,0,Upper,1,666.42,1700
103483,Parioli,Flat,2,90,1,Upper,1,361.27,1400
104086,Castelli Romani,Flat,3,65,0,Ground floor,0,187.08,700
105594,Trastevere,Flat,2,45,1,Ground floor,0,534.73,950
104378,Collatino,Flat,3,70,1,Upper,1,126.72,650
103340,Parioli,Flat,2,40,0,Upper,1,257.20,900
103481,Trastevere,Flat,3,90,0,Upper,4,536.33,1600
105761,Parioli,Flat,4,100,0,Upper,4,554.44,1300
105111,Parioli,Flat,2,65,0,Upper,1,204.17,900
103573,Cassia,Flat,4,90,1,Upper,1,353.01,1150
104681,Piazza Navona,Flat,2,55,1,Upper,2,668.80,1450
102669,Trigoria,Flat,2,60,1,Ground floor,0,158.91,650
103459,Testaccio,Flat,3,80,1,Upper,1,462.17,1150
104785,Collatino,Flat,2,60,1,Upper,6,169.13,750
102675,Trastevere,Flat,3,90,0,Upper,2,633.91,1500
104501,Monte sacro,Flat,3,75,1,Upper,4,422.20,750
103384,Prati,Flat,3,85,1,Upper,3,532.56,1300
105362,Piazza Navona,Flat,3,105,1,Upper,2,1059.75,1800
103954,Parioli,Flat,2,55,1,Upper,2,438.90,950
104468,Parioli,Flat,3,100,1,Upper,3,434.41,1350
104615,EUR,Flat,4,125,1,Upper,2,543.95,1500
102042,Infernetto,Flat,3,70,1,Ground floor,0,132.24,650
102817,Prati,Flat,2,50,0,Upper,1,321.09,900
105635,Termini,Flat,3,95,1,Upper,2,631.83,1250
104794,Parioli,Flat,3,85,1,Upper,1,506.73,1500
104684,Ostia,Flat,3,80,1,Upper,3,426.12,800
104041,Monti,Flat,3,80,1,Upper,3,595.59,1450
105769,Parioli,Flat,2,50,1,Upper,4,254.41,750
104150,Castelli Romani,Flat,3,65,0,Upper,2,402.76,450
105668,Prati,Flat,3,80,1,Upper,4,332.03,1100
104425,Prati,Flat,3,100,0,Upper,4,481.60,1400
102537,Cinecittà,Flat,2,60,1,Upper,2,247.92,700
104556,Termini,Flat,4,115,0,Upper,1,763.44,1700
103058,Infernetto,Flat,2,65,1,Upper,1,231.34,650
103204,Infernetto,Flat,2,60,1,Upper,1,277.34,600
105539,Cassia,Flat,4,95,1,Upper,3,163.64,1100
103038,EUR,Flat,4,105,1,Upper,2,658.14,1550
105286,Castelli Romani,Flat,2,55,0,Upper,1,234.21,600
102647,Termini,Flat,3,70,1,Upper,3,401.40,1100
103007,Infernetto,Flat,3,65,0,Ground floor,0,220.45,600
102277,Testaccio,Flat,2,50,1,Mezzanine,"0.5",441.86,900
105049,Parioli,Flat,2,70,0,Upper,4,462.53,1000
103952,Parioli,Flat,3,85,1,Ground floor,0,591.71,1350
105730,Parioli,Flat,2,50,1,Upper,2,586.37,1150
104269,Monti,Flat,3,75,1,Upper,3,347.10,1350
104593,Castelli Romani,Flat,3,60,1,Ground floor,0,176.69,550
102766,Monti,Flat,2,60,1,Upper,4,380.19,1150
104225,Castelli Romani,Flat,2,60,1,Ground floor,0,218.79,400
104632,Collatino,Flat,2,50,0,Upper,1,139.42,650
105697,Monte sacro,Flat,2,65,1,Upper,3,308.14,850
102216,Prati,Flat,4,110,1,Upper,1,866.68,1650
105564,Parioli,Flat,3,80,0,Upper,3,534.91,1400
103561,Cinecittà,Flat,3,90,0,Upper,3,287.30,900
102398,Prati,Flat,4,135,1,Upper,1,602.12,1850
102630,Marconi,Flat,4,100,1,Upper,4,523.60,1150
103219,Cinecittà,Flat,3,85,1,Mezzanine,"0.5",185.97,850
105523,Infernetto,Flat,3,60,1,Upper,1,244.99,650
102018,Cinecittà,Flat,3,85,1,Upper,6,545.45,950
103717,Ostia,Flat,5,85,1,Upper,2,416.88,950
105328,Prati,Flat,3,95,1,Upper,4,531.52,1600
104896,Monte sacro,Flat,3,95,1,Upper,1,477.99,900
103241,Magliana,Flat,3,80,1,Upper,2,105.05,700
105816,Castelli Romani,Flat,3,95,1,Upper,1,255.82,800
105825,Parioli,Flat,2,115,0,Upper,2,699.31,1750
102065,Prati,Flat,4,110,0,Upper,3,585.68,1650
104356,Piazza Navona,Flat,2,100,1,Upper,4,661.12,1800
103990,Termini,Flat,2,40,1,Upper,1,156.76,700
102751,Cinecittà,Flat,2,70,0,Upper,4,246.93,850
103601,Trastevere,Flat,3,60,1,Upper,1,600.51,1300
104744,Parioli,Penthouse,2,50,1,Upper,4,311.28,1100
104718,Parioli,Flat,2,60,1,Upper,1,358.05,900
102292,Collatino,Flat,3,100,1,Upper,3,573.91,1100
102722,Collatino,Flat,2,55,0,Ground floor,0,375.62,650
105671,Termini,Flat,2,65,1,Upper,3,399.68,850
105422,Piazza Navona,Flat,3,90,0,Upper,4,879.34,2000
103282,Castelli Romani,Flat,2,60,1,Ground floor,0,234.39,450
103673,Cinecittà,Flat,2,50,1,Upper,4,10.00,650
102613,Trastevere,Flat,2,55,1,Upper,1,589.18,1300
102174,Cassia,Flat,2,60,1,Ground floor,0,225.24,850
103666,Cassia,Flat,2,70,1,Upper,3,455.74,900
103594,Trastevere,Flat,3,90,1,Upper,2,335.84,1500
105320,Castelli Romani,Flat,2,65,1,Ground floor,0,266.73,550
103356,Infernetto,Flat,3,60,1,Upper,1,220.14,650
104980,Trastevere,Flat,2,70,1,Upper,1,286.50,1150
104163,Infernetto,Villa,3,90,1,Upper,1,515.77,900
102735,Prati,Penthouse,3,90,1,Upper,5,572.69,1250
104260,Collatino,Flat,2,80,1,Upper,5,100.70,750
102683,Piazza Navona,Flat,3,90,1,Upper,3,904.97,1800
103069,Ostia,Flat,2,65,1,Upper,1,159.97,700
102640,Prati,Flat,4,110,1,Upper,1,666.94,1600
105655,Infernetto,Flat,2,30,1,Ground floor,0,59.70,500
105403,Parioli,Flat,5,145,0,Upper,2,970.59,2150
103242,Collatino,Flat,2,75,1,Mezzanine,"0.5",432.06,750
102800,Prati,Flat,4,105,1,Upper,4,576.07,1600
104451,Cassia,Flat,3,105,0,Upper,1,811.18,1300
103227,Collatino,Flat,2,60,0,Upper,4,260.13,600
102067,Parioli,Flat,4,110,1,Upper,6,659.77,1600
105385,Monti,Flat,2,50,1,Upper,1,401.71,1200
104555,Infernetto,Flat,3,65,1,Ground floor,0,133.09,550
104959,Castelli Romani,Flat,2,70,1,Upper,2,429.24,450
103817,Cassia,Flat,3,95,0,Ground floor,0,297.55,1200
102791,Ostia,Flat,3,60,1,Upper,4,422.81,700
103068,Cassia,Flat,3,90,1,Upper,1,452.44,1200
104001,Piazza Navona,Flat,2,80,0,Upper,1,512.46,1600
103466,Infernetto,Flat,2,60,1,Ground floor,0,332.78,550
103353,Prati,Flat,3,60,1,Upper,1,296.73,1000
105498,Termini,Flat,4,135,1,Upper,2,575.55,1600
104452,Cinecittà,Flat,3,80,1,Upper,1,367.01,700
102402,Collatino,Flat,3,55,0,Upper,2,240.67,650
102464,Piazza Navona,Penthouse,4,80,1,Upper,5,795.54,1650
102078,Castelli Romani,Flat,2,60,1,Upper,1,346.44,500
105914,Trastevere,Flat,2,45,1,Upper,3,388.62,850
102371,Monti,Flat,2,40,1,Upper,1,403.95,1000
102802,Cassia,Flat,2,50,1,Upper,1,183.32,700
105247,Termini,Flat,3,115,0,Upper,2,640.18,1500
104272,Prati,Penthouse,2,75,1,Upper,5,348.62,1100
102421,Montagnola,Flat,2,55,1,Upper,1,265.10,650
104413,Prati,Flat,2,75,1,Upper,1,319.20,1300
102667,Cassia,Flat,2,50,0,Upper,2,429.72,850
102237,Prati,Flat,3,115,0,Upper,1,527.11,1600
102034,Parioli,Flat,3,100,1,Ground floor,0,399.98,1400
103022,Castelli Romani,Flat,3,65,0,Upper,2,249.10,500
103010,Trigoria,House,3,70,1,Upper,1,413.39,800
103247,Piazza Navona,Flat,2,50,1,Upper,2,424.55,1300
104411,Parioli,Flat,4,100,1,Ground floor,0,687.54,1600
102461,Monte sacro,Flat,2,60,1,Upper,8,215.65,800
102257,Cinecittà,Flat,3,80,1,Ground floor,0,262.82,800
104927,Parioli,Flat,6,125,1,Ground floor,0,927.50,1850
105317,Termini,Flat,2,50,1,Upper,1,351.00,700
105903,Monte sacro,Flat,2,65,1,Upper,1,90.22,550
105756,Prati,Flat,2,70,0,Upper,1,330.55,950
105722,Parioli,Flat,4,140,1,Upper,5,526.43,1800
103057,Collatino,Flat,2,65,1,Upper,6,251.97,550
103310,Cassia,Flat,3,60,1,Upper,1,253.79,900
102946,Castelli Romani,Flat,3,85,1,Upper,1,274.83,850
105376,Infernetto,Flat,2,50,1,Upper,2,161.18,600
104749,Parioli,Flat,3,70,0,Upper,5,427.40,1150
102368,Cassia,Flat,2,60,0,Ground floor,0,293.96,900
104017,Prati,Flat,2,60,1,Upper,2,610.00,1100
102585,Monte sacro,Flat,4,85,0,Upper,3,258.04,950
103438,Castelli Romani,House,2,60,0,Upper,1,289.81,450
104155,Piazza Navona,Flat,2,70,1,Upper,1,735.48,1700
103565,Castelli Romani,Flat,2,65,0,Upper,1,10.00,600
104513,Prati,Flat,3,75,1,Upper,4,546.19,1200
105402,Prati,Penthouse,3,85,1,Upper,7,291.01,1300
104032,Prati,Flat,2,45,1,Upper,2,263.52,1000
105340,Prati,Flat,3,85,0,Upper,4,571.30,1300
104112,Marconi,Flat,2,65,1,Upper,3,131.68,800
104780,Monte sacro,Flat,3,65,1,Upper,2,327.70,750
103390,Monte sacro,Flat,2,70,1,Upper,2,204.57,850
102928,Monte sacro,Flat,3,70,1,Upper,1,245.58,850
102900,Cinecittà,Flat,2,70,1,Upper,2,368.41,700
104392,Cinecittà,Flat,3,150,1,Upper,1,370.72,1400
103175,Cassia,Flat,5,125,1,Upper,2,698.76,1500
102904,Castelli Romani,Flat,3,60,0,Upper,1,161.83,500
104895,Piazza Navona,Flat,2,60,1,Upper,1,547.05,1350
104775,Parioli,Flat,2,50,0,Ground floor,0,262.08,750
104080,Prati,Flat,2,55,0,Upper,4,480.96,1100
103086,Termini,Flat,6,125,1,Upper,3,869.84,1650
102871,Piazza Navona,Penthouse,2,45,1,Upper,4,575.58,1350
105212,Monte sacro,Flat,4,90,1,Upper,6,302.72,1000
103769,Parioli,Flat,2,40,1,Ground floor,0,364.23,700
104907,Prati,Flat,3,70,1,Upper,7,530.15,1150
105332,Termini,Flat,2,60,1,Upper,2,484.48,1200
104075,Cinecittà,Flat,2,65,1,Upper,2,142.22,550
103581,Cinecittà,Flat,3,90,1,Upper,3,370.73,850
104415,Trastevere,Flat,2,45,0,Upper,1,412.86,950
102056,Monte sacro,Flat,3,65,1,Ground floor,0,180.89,750
105954,Termini,Flat,3,105,1,Upper,4,444.13,1350
102084,Piazza Navona,Flat,3,70,1,Upper,1,826.66,1600
105297,Parioli,Flat,2,75,1,Upper,3,597.20,1350
102235,Cassia,Flat,2,65,1,Upper,4,245.14,1000
105587,Castelli Romani,Flat,3,100,1,Upper,1,586.80,700
104333,Cassia,Flat,2,30,0,Ground floor,0,408.11,600
102158,Prati,Flat,2,60,0,Upper,3,321.58,1050
103718,Prati,Flat,3,60,1,Upper,1,325.24,1000
105177,Castelli Romani,Flat,2,55,0,Upper,3,300.27,550
105847,Parioli,Flat,4,105,1,Upper,4,452.70,1350
103905,Montagnola,Flat,3,80,1,Upper,2,348.80,1000
105569,Parioli,Flat,4,85,1,Upper,3,789.38,1500
103473,Monti,Flat,2,40,1,Upper,1,286.18,850
104869,Castelli Romani,Flat,3,90,1,Upper,1,112.12,650
102639,Termini,Flat,3,55,1,Mezzanine,"0.5",410.08,1100
102317,Montagnola,Flat,3,90,1,Mezzanine,"0.5",439.54,1200
102580,Collatino,Flat,2,65,0,Ground floor,0,276.31,550
102680,Prati,Flat,2,55,1,Ground floor,0,379.84,950
104220,Infernetto,Flat,3,85,1,Upper,1,351.82,750
105938,Termini,Flat,2,80,1,Upper,3,477.27,1100
104093,Testaccio,Flat,2,60,1,Ground floor,0,376.89,900
104291,Infernetto,Flat,3,65,1,Upper,1,414.71,800
104131,Aventino,Flat,2,45,1,Upper,1,558.39,1150
105551,Parioli,Flat,3,85,1,Upper,5,520.40,1400
104109,Monte sacro,Flat,3,30,1,Upper,2,205.35,550
105268,Trigoria,Flat,2,55,1,Upper,1,530.48,650
104052,Aventino,Flat,2,65,1,Upper,2,788.36,1300
104034,Cassia,Flat,3,65,0,Upper,1,436.25,850
105547,Marconi,Flat,2,60,1,Upper,1,615.91,900
105664,Piazza Navona,Flat,5,100,1,Upper,3,736.14,1800
102908,Castelli Romani,Flat,3,90,1,Upper,2,100.21,850
104011,Cinecittà,Penthouse,2,60,0,Upper,2,166.76,750
105107,Collatino,Flat,3,100,1,Upper,4,236.36,1000
103196,Cinecittà,Flat,2,60,1,Upper,5,294.67,700
103833,Cassia,Flat,2,45,0,Ground floor,0,180.54,750
103940,Prati,Flat,5,100,1,Upper,2,510.58,1500
104976,Cassia,Penthouse,5,120,1,Upper,4,515.73,1500
104147,Parioli,Flat,2,75,1,Upper,3,527.40,1350
104548,Cinecittà,Flat,4,80,1,Upper,5,166.54,800
102976,Cassia,Flat,2,75,1,Upper,3,190.70,1050
102026,Parioli,Flat,3,120,1,Upper,1,550.81,1650
104355,Piazza Navona,Penthouse,2,50,0,Upper,3,408.57,1350
102455,Marconi,Flat,3,75,1,Upper,3,346.08,800
102199,Prati,Flat,3,95,0,Mezzanine,"0.5",648.39,1400
102296,Prati,Flat,2,45,1,Upper,1,390.71,900
105428,Monte sacro,Flat,2,75,0,Upper,5,401.91,800
102894,Prati,Flat,3,85,1,Upper,7,515.06,1500
104890,Prati,Flat,2,55,1,Upper,3,136.25,950
104016,Cinecittà,Flat,3,65,1,Upper,5,282.26,750
105582,Monti,Penthouse,2,70,1,Upper,5,778.63,1500
103042,Magliana,Flat,3,85,1,Upper,1,363.93,900
102710,Monte sacro,Flat,2,65,1,Upper,4,378.58,900
103599,Parioli,Flat,2,50,1,Ground floor,0,215.13,900
104968,Piazza Navona,Flat,2,60,0,Upper,1,588.06,1300
104480,Collatino,Flat,2,55,1,Upper,6,303.04,750
104380,Aventino,Flat,2,50,1,Mezzanine,"0.5",407.06,1000
102842,Trigoria,Flat,2,55,0,Upper,3,210.46,650
103629,Parioli,Flat,3,80,0,Upper,4,593.28,1200
104354,Piazza Navona,Flat,2,50,1,Upper,3,682.21,1350
103217,Parioli,Flat,2,55,1,Ground floor,0,216.91,900
105674,Termini,Flat,2,65,0,Upper,3,382.73,850
104755,Prati,Flat,2,60,0,Upper,1,41.10,900
105087,Monti,Flat,2,65,1,Ground floor,0,355.04,1100
105863,Parioli,Flat,3,105,0,Upper,4,623.45,1600
104652,Parioli,Flat,2,45,0,Upper,1,193.88,750
102234,Parioli,Flat,4,115,1,Upper,3,602.55,1650
102909,Termini,Flat,2,60,0,Upper,1,274.82,900
105249,Cassia,Flat,4,110,0,Upper,1,642.68,1250
104954,Monte sacro,Flat,2,65,1,Ground floor,0,301.69,600
105270,Castelli Romani,House,2,40,1,Upper,1,264.69,350
105960,Prati,Flat,2,75,1,Upper,2,510.61,1350
103955,Collatino,Flat,2,65,1,Upper,3,86.27,800
104188,Cinecittà,Flat,3,95,0,Upper,2,359.67,850
102008,Castelli Romani,Flat,3,65,1,Upper,2,386.99,650
104033,Monte sacro,Flat,2,65,1,Upper,4,602.29,800
104722,Aventino,Flat,3,130,1,Upper,2,720.59,1850
102451,Cassia,Flat,2,55,1,Ground floor,0,309.70,700
104543,Cassia,Flat,2,60,1,Upper,2,558.95,1000
104242,Collatino,Flat,3,60,1,Ground floor,0,204.98,550
103297,Castelli Romani,Flat,3,65,1,Upper,4,349.07,700
105295,Trastevere,Flat,5,180,1,Upper,2,1200.00,2500
102553,Prati,Flat,2,80,1,Ground floor,0,323.10,1200
103106,Monte sacro,Flat,3,80,0,Upper,7,401.39,1000
105018,Marconi,Flat,4,110,0,Upper,1,696.97,1350
102097,Prati,Flat,4,105,1,Ground floor,0,708.04,1600
105450,Monti,Flat,2,65,1,Upper,4,387.18,1100
104698,Monte sacro,Flat,2,75,0,Ground floor,0,280.62,700
105878,Cassia,Flat,4,65,1,Upper,6,411.15,1200
105499,Castelli Romani,Flat,2,70,0,Upper,2,247.05,750
104563,Parioli,Flat,3,75,1,Upper,3,399.69,1100
103907,Cassia,Flat,2,35,0,Upper,2,159.81,650
105147,Parioli,Flat,3,70,1,Ground floor,0,399.32,1000
105425,Parioli,Flat,2,45,0,Ground floor,0,262.77,700
102666,Collatino,Flat,2,70,1,Upper,7,152.51,750
105560,Prati,Flat,3,80,1,Upper,1,596.44,1400
102801,Infernetto,Flat,2,60,1,Upper,2,359.72,650
102533,EUR,Flat,3,70,0,Mezzanine,"0.5",70.23,850
103546,Ostia,Flat,2,55,0,Upper,2,267.05,600
102827,Castelli Romani,Flat,3,75,0,Upper,2,438.27,750
102246,Parioli,Flat,2,50,1,Upper,1,436.32,950
103962,Prati,Flat,3,65,1,Upper,2,249.71,950
103504,Monte sacro,Flat,3,65,1,Ground floor,0,177.78,650
105521,Magliana,Flat,3,80,0,Mezzanine,"0.5",384.29,700
103121,Infernetto,Flat,2,45,1,Ground floor,0,213.23,500
104460,Parioli,Flat,4,110,1,Upper,2,616.94,1600
104517,Infernetto,Flat,2,40,1,Upper,4,10.00,550
102311,Cassia,Flat,2,70,1,Upper,1,427.02,900
102821,Collatino,Flat,3,45,1,Upper,3,359.14,550
105009,Parioli,Flat,2,75,1,Upper,3,476.59,1350
103322,Cinecittà,Flat,2,70,1,Upper,2,255.98,750
104102,Cassia,Flat,2,50,0,Ground floor,0,403.41,650
104461,Monte sacro,Flat,2,40,1,Ground floor,0,253.53,600
104844,Castelli Romani,Flat,2,65,0,Upper,1,118.08,600
104288,Castelli Romani,Flat,2,55,1,Upper,3,201.80,600
103276,Prati,Flat,2,70,0,Ground floor,0,445.36,1100
103104,Trastevere,Flat,5,125,1,Mezzanine,"0.5",931.83,2000
105778,Prati,Flat,3,110,1,Upper,1,951.32,1750
103179,Parioli,Flat,2,60,1,Upper,2,256.04,1000
104447,Parioli,Flat,4,140,1,Upper,1,817.36,2000
103498,Ostia,Flat,2,65,1,Upper,1,340.02,650
105202,Monte sacro,Flat,3,100,1,Upper,4,397.99,950
103218,Prati,Flat,3,85,1,Upper,4,530.47,1300
103549,Trastevere,Flat,3,85,1,Upper,3,660.16,1500
103369,Montagnola,Flat,3,95,1,Upper,1,304.54,1100
105121,Parioli,Flat,3,105,1,Upper,1,560.98,1400
105040,Testaccio,Flat,3,105,1,Upper,2,607.65,1650
105051,Monte sacro,Flat,2,55,1,Upper,3,215.89,800
102118,Cinecittà,Flat,2,45,0,Mezzanine,"0.5",10.00,500
103942,Monti,Flat,3,75,1,Upper,4,483.05,1400
103115,Parioli,Flat,3,120,0,Upper,1,684.21,1600
102754,Parioli,Flat,3,75,0,Upper,1,423.19,1200
105842,Monte sacro,Flat,3,75,1,Upper,3,275.98,650
104855,Collatino,Flat,2,60,1,Upper,3,217.70,800
105609,Prati,Flat,4,130,1,Upper,1,843.09,1800
103810,Piazza Navona,Flat,2,60,1,Upper,3,502.32,1500
103808,Collatino,Flat,4,105,0,Upper,1,276.86,1000
103935,Piazza Navona,Flat,2,50,0,Ground floor,0,533.31,1300
102809,Parioli,Flat,3,70,0,Upper,5,379.21,1150
102506,Cinecittà,Flat,2,40,1,Upper,2,491.27,500
103013,Parioli,Flat,3,90,1,Upper,4,735.56,1400
105515,Parioli,Flat,2,60,1,Upper,8,506.65,900
104295,Termini,Flat,3,100,1,Upper,2,471.75,1300
103431,Trigoria,Flat,2,45,0,Ground floor,0,10.00,600
104259,Parioli,Flat,3,85,1,Ground floor,0,472.64,1100
103205,EUR,Flat,2,50,1,Upper,6,244.97,650
102417,Collatino,Flat,2,75,1,Upper,5,157.03,850
104700,Monti,Flat,4,80,1,Upper,1,510.49,1500
103368,Termini,Flat,3,115,1,Upper,2,683.26,1400
103315,Prati,Flat,2,55,0,Upper,1,433.95,900
103364,Monte sacro,Flat,2,65,1,Upper,2,121.92,800
104503,Marconi,Flat,3,85,1,Ground floor,0,501.15,900
104990,Cinecittà,Flat,3,90,1,Upper,7,266.14,850
102807,Ostia,Flat,4,120,0,Ground floor,0,532.10,1350
103071,Marconi,Flat,2,75,0,Upper,2,319.02,900
104848,Collatino,Flat,2,80,1,Upper,5,368.50,750
104373,Castelli Romani,Flat,2,55,1,Upper,2,121.38,550
104055,Prati,Flat,2,80,0,Upper,4,350.19,1200
105591,Marconi,Flat,3,95,1,Upper,7,427.55,950
104473,Testaccio,Flat,2,50,1,Upper,2,252.47,800
105170,Aventino,Flat,2,45,1,Ground floor,0,450.19,950
105461,Termini,Flat,3,100,0,Upper,5,496.39,1250
105261,Piazza Navona,Flat,2,55,1,Upper,3,427.61,1350
102823,Collatino,Flat,2,70,1,Upper,8,413.12,750
104719,Testaccio,Flat,4,105,1,Upper,2,701.45,1650
104826,Parioli,Flat,2,75,1,Upper,2,350.40,1250
101992,Castelli Romani,Flat,3,50,1,Upper,1,256.79,400
102348,Trastevere,Flat,2,60,1,Upper,1,539.42,1200
105325,Monti,Flat,2,35,1,Upper,1,291.79,750
104564,Collatino,Flat,2,50,1,Upper,8,435.86,700
105685,Trastevere,Flat,2,50,1,Upper,1,396.14,1300
105506,Castelli Romani,Flat,3,75,1,Upper,1,142.37,550
105409,Termini,Flat,2,50,1,Upper,1,641.76,1000
105346,Cassia,Flat,2,50,0,Upper,2,142.15,600
103005,Collatino,Flat,2,70,1,Upper,3,574.79,750
104701,Piazza Navona,Flat,3,80,1,Upper,3,627.44,1600
102910,Infernetto,Flat,5,110,0,Upper,1,510.78,1100
104311,Termini,Flat,5,120,1,Upper,5,600.79,1700
104261,Piazza Navona,Penthouse,3,75,1,Upper,6,451.08,1650
102283,Monti,Flat,3,90,1,Upper,4,570.29,1500
103818,Parioli,Flat,3,65,1,Mezzanine,"0.5",624.02,1200
104110,Montagnola,Flat,2,60,1,Mezzanine,"0.5",151.47,700
104037,Trastevere,Flat,2,55,1,Mezzanine,"0.5",581.54,1100
104803,Parioli,Flat,4,120,1,Upper,4,777.08,1700
103778,Cinecittà,Flat,2,70,1,Upper,4,271.96,800
103774,Collatino,Flat,3,75,1,Upper,8,115.06,950
105182,Prati,Flat,3,70,1,Upper,2,348.38,1100
104206,Infernetto,Flat,3,50,1,Ground floor,0,414.25,600
104088,Piazza Navona,Flat,3,80,1,Upper,4,679.36,1600
103233,Monti,Flat,3,95,0,Upper,3,754.22,1600
103502,Monte sacro,Flat,2,70,1,Upper,4,404.98,700
102016,Monte sacro,Flat,3,60,1,Ground floor,0,354.33,750
103764,Parioli,Flat,2,55,1,Upper,4,336.84,1050
102221,Castelli Romani,Flat,2,70,1,Upper,3,272.60,600
103506,Infernetto,Flat,3,65,1,Ground floor,0,264.75,600
102055,Castelli Romani,Flat,3,60,1,Upper,3,345.59,400
104996,Collatino,Flat,3,75,0,Ground floor,0,338.94,700
104748,Montagnola,Flat,2,55,1,Ground floor,0,307.25,700
102756,Montagnola,Flat,3,60,0,Upper,1,12.13,700
105199,Infernetto,Flat,3,90,1,Upper,4,194.83,750
105412,Piazza Navona,Flat,3,90,0,Upper,1,1106.92,2000
103607,Monte sacro,Flat,2,55,0,Upper,3,188.02,600
105014,Collatino,Flat,2,35,0,Upper,1,87.35,600
105957,Cassia,Flat,4,95,1,Upper,1,535.92,1100
103528,Monti,Flat,2,60,1,Upper,3,221.67,500
105063,Cinecittà,Flat,2,70,1,Upper,1,224.03,850
105226,Monte sacro,Flat,2,75,0,Upper,7,273.13,700
103647,Infernetto,Flat,2,45,1,Upper,2,156.90,550
104858,Parioli,Flat,4,85,1,Upper,3,917.03,1550
103958,Ostia,Flat,2,45,1,Upper,2,433.51,650
104849,Prati,Flat,3,90,0,Upper,5,480.37,1450
102130,Parioli,Flat,2,65,0,Mezzanine,"0.5",473.31,1100
105061,Collatino,Flat,2,35,1,Upper,6,241.04,600
102375,Testaccio,Flat,3,50,1,Upper,2,512.62,900
105982,Castelli Romani,Flat,3,60,1,Ground floor,0,229.35,550
104986,Parioli,Flat,3,90,1,Upper,1,487.73,1350
102867,Castelli Romani,Penthouse,3,85,0,Upper,2,242.90,850
105004,Cassia,Flat,2,55,0,Ground floor,0,359.55,700
105917,Parioli,Flat,3,90,1,Upper,3,835.21,1550
103926,Montagnola,Flat,2,70,1,Upper,2,276.39,800
105695,Piazza Navona,Flat,2,60,1,Upper,1,369.53,1300
102687,Parioli,Flat,2,60,1,Upper,1,359.50,1000
102089,Monte sacro,Flat,3,70,1,Ground floor,0,163.25,800
103972,Collatino,Flat,4,65,1,Ground floor,0,75.27,650
103199,Cinecittà,Flat,2,60,0,Upper,5,183.37,750
103288,Parioli,Flat,2,40,0,Upper,4,494.91,750
103529,Cinecittà,Flat,2,45,1,Upper,1,188.80,500
103819,Termini,Flat,3,80,1,Upper,4,241.69,1150
105724,Monti,Flat,3,40,1,Upper,1,513.41,1200
104694,Parioli,Flat,5,160,1,Upper,5,1064.48,2000
104753,Monti,Flat,2,65,1,Upper,1,364.69,1300
105887,Castelli Romani,Flat,3,60,1,Upper,1,230.16,650
102006,Cinecittà,Flat,2,75,1,Upper,5,225.33,800
103861,Castelli Romani,Flat,2,70,1,Upper,2,295.61,550
105282,Prati,Flat,3,75,1,Upper,4,149.33,1400
105053,Prati,Flat,3,70,1,Upper,1,595.01,1100
105252,Monte sacro,Flat,3,70,0,Upper,3,116.12,650
102080,Cassia,Flat,2,80,0,Upper,2,613.27,1000
105877,Castelli Romani,Flat,2,35,1,Upper,1,78.60,450
102715,Collatino,Flat,2,70,0,Upper,5,296.87,750
102291,Marconi,Flat,2,40,0,Ground floor,0,231.26,600
105669,Parioli,Flat,4,130,1,Upper,4,727.15,1600
105255,Piazza Navona,Flat,2,45,1,Upper,2,417.80,1150
104754,Monti,Flat,3,95,1,Upper,1,568.43,1600
104643,Trigoria,Flat,3,70,0,Upper,2,457.34,750
103054,Collatino,Flat,3,80,1,Upper,6,245.40,850
103744,Collatino,Flat,2,75,1,Upper,1,267.97,750
103475,Trastevere,Flat,2,70,1,Upper,4,530.88,1400
104290,Monte sacro,Flat,6,125,1,Upper,3,624.12,1550
104586,Collatino,Penthouse,3,90,1,Upper,9,488.18,1150
105771,Monti,Flat,3,85,1,Upper,4,532.02,1350
102468,Prati,Flat,2,65,0,Mezzanine,"0.5",381.80,1100
102366,Parioli,Flat,2,60,1,Ground floor,0,525.24,950
104732,Parioli,Flat,2,50,1,Upper,1,402.16,800
102938,Parioli,Flat,4,100,1,Upper,3,446.06,1550
103515,Termini,Flat,4,90,0,Upper,2,606.07,1250
103008,Castelli Romani,Flat,3,90,1,Upper,2,284.70,800
105690,Parioli,Flat,2,75,1,Ground floor,0,440.13,1000
105830,Cassia,Flat,3,95,1,Upper,3,398.84,1150
102278,Monti,Flat,2,60,1,Ground floor,0,239.15,500
102259,Collatino,Flat,2,65,0,Upper,4,273.65,800
104113,Prati,Flat,2,70,0,Upper,4,395.38,1100
104605,Castelli Romani,Flat,2,55,0,Ground floor,0,109.59,550
104702,Monti,Flat,2,60,1,Upper,1,444.35,600
102014,Cinecittà,Flat,2,60,1,Upper,3,10.00,650
105638,Cinecittà,House,2,50,1,Upper,1,369.23,700
105379,Cassia,Flat,2,60,0,Upper,1,230.72,1000
103816,Marconi,Flat,3,75,1,Upper,2,132.95,900
104178,Piazza Navona,Flat,2,75,1,Upper,2,558.55,1500
105456,Castelli Romani,Flat,3,55,1,Upper,2,150.60,650
105035,Castelli Romani,Flat,2,50,1,Upper,2,289.88,600
105859,Piazza Navona,Flat,3,90,1,Upper,2,947.61,2000
105010,Monte sacro,Flat,3,95,0,Upper,3,533.54,1500
103484,Piazza Navona,Flat,3,85,0,Upper,1,608.13,1700
102510,Portuense,Flat,2,65,1,Upper,4,481.14,800
102895,Trigoria,Flat,3,75,1,Upper,4,367.26,900
105901,Castelli Romani,Flat,2,60,1,Upper,1,349.21,700
102508,Prati,Flat,2,65,1,Upper,1,552.68,1100
105299,Castelli Romani,Flat,3,55,1,Upper,1,226.00,650
105922,Termini,Flat,3,80,1,Upper,2,750.49,1300
104372,Castelli Romani,Penthouse,2,50,1,Upper,3,325.82,550
102931,Cassia,Penthouse,2,60,0,Upper,4,359.11,850
105550,Piazza Navona,Flat,2,45,0,Upper,1,322.53,1500
102816,Collatino,Flat,2,65,1,Upper,8,205.56,700
103965,Monte sacro,Flat,4,110,1,Upper,3,501.23,1150
102393,Cinecittà,Flat,2,60,0,Upper,3,330.62,750
102959,Prati,Flat,4,100,1,Upper,3,617.90,1600
102874,Monte sacro,Flat,3,80,0,Upper,2,576.51,700
103917,Prati,Flat,3,90,1,Upper,6,399.14,1350
102646,Cinecittà,Flat,2,65,1,Ground floor,0,38.28,700
104094,Parioli,Flat,2,75,1,Upper,3,400.59,1300
103298,Prati,Flat,2,75,1,Upper,4,512.73,1200
105329,Trigoria,Flat,2,50,1,Ground floor,0,153.95,600
105238,Testaccio,Flat,2,75,0,Upper,1,345.63,1300
102186,Cassia,Flat,2,45,1,Upper,1,10.00,700
102191,Collatino,Flat,2,65,1,Upper,8,58.90,750
102410,Monti,Flat,4,100,1,Upper,4,653.94,1500
105799,Trastevere,Flat,2,70,1,Upper,2,348.95,1100
102112,Parioli,Flat,5,170,1,Upper,4,1175.11,2200
103558,Trastevere,Flat,3,75,0,Upper,1,322.02,1300
104822,Piazza Navona,Flat,2,60,1,Upper,4,518.69,1500
102046,Monte sacro,Flat,3,65,1,Mezzanine,"0.5",107.69,750
104388,Marconi,Flat,2,75,0,Upper,1,492.28,950
104674,Monte sacro,Flat,3,75,1,Upper,1,283.01,1000
103174,Infernetto,Villa,6,200,1,Upper,1,817.45,2000
105452,Infernetto,Flat,2,45,0,Upper,2,338.64,650
105913,Prati,Flat,3,75,1,Upper,3,329.37,1100
104870,Trastevere,Penthouse,2,60,1,Upper,4,586.68,1350
105579,Castelli Romani,Flat,3,70,1,Upper,1,208.53,800
104642,Parioli,Flat,3,60,1,Upper,1,478.41,1200
102951,Marconi,Flat,3,90,1,Upper,3,467.89,1000
103243,Trastevere,Flat,4,70,0,Upper,1,467.10,1300
105714,Cinecittà,Flat,3,70,1,Upper,1,386.71,700
103864,Monti,Flat,3,95,1,Ground floor,0,636.75,1450
102083,Collatino,Flat,2,65,0,Upper,1,121.68,650
102444,Trastevere,Flat,2,75,1,Upper,2,394.44,1400
105470,Cassia,Flat,2,35,1,Upper,2,218.66,500
102160,Parioli,Flat,4,90,1,Upper,4,442.79,1400
104099,Cinecittà,Flat,2,60,1,Upper,3,295.80,550
104875,Trastevere,Flat,2,45,1,Upper,1,471.03,950
104377,Collatino,Flat,3,75,1,Upper,3,243.66,950
102757,Magliana,Penthouse,2,70,1,Upper,4,299.91,750
103330,Piazza Navona,Flat,3,100,1,Upper,2,946.51,2000
102782,Marconi,Flat,2,70,1,Mezzanine,"0.5",181.76,800
103985,Cinecittà,Flat,4,75,1,Upper,5,385.17,800
105856,Parioli,Flat,2,60,1,Upper,5,221.05,650
105044,Piazza Navona,Penthouse,3,65,1,Upper,4,565.17,1400
104644,Aventino,Flat,3,80,0,Ground floor,0,566.93,1550
105420,Castelli Romani,Flat,3,85,1,Upper,2,164.80,650
103903,Infernetto,Flat,2,45,0,Ground floor,0,247.88,500
103596,Piazza Navona,Flat,2,70,0,Upper,1,642.48,1550
104685,Parioli,Flat,2,60,1,Ground floor,0,470.00,850
102734,Cinecittà,Flat,2,40,1,Upper,1,163.34,500
104887,Prati,Flat,4,110,1,Upper,3,594.38,1500
102793,Castelli Romani,Flat,3,55,0,Upper,1,333.38,600
105438,Castelli Romani,Flat,2,60,1,Ground floor,0,333.23,650
105230,Testaccio,Flat,2,60,1,Upper,1,389.37,950
103555,Castelli Romani,Flat,3,70,1,Upper,1,385.63,700
104519,Parioli,Flat,4,95,1,Upper,4,642.31,1450
103176,Piazza Navona,Flat,3,80,0,Upper,3,711.91,1700
102826,Cinecittà,Flat,2,75,1,Upper,3,254.70,700
104197,Collatino,Flat,3,85,1,Upper,7,336.92,900
102155,Collatino,Flat,2,70,1,Upper,1,292.21,750
103544,Castelli Romani,Flat,2,70,0,Upper,5,361.11,500
102830,Collatino,Flat,4,95,0,Upper,1,275.92,1000
102779,Cassia,Flat,3,130,1,Upper,3,773.37,1650
104867,Cassia,Penthouse,3,70,1,Upper,2,273.54,900
102956,Castelli Romani,Flat,3,80,0,Upper,1,213.20,750
102052,Cinecittà,Flat,2,70,0,Upper,5,227.03,850
102620,Marconi,Flat,2,65,0,Upper,4,121.02,800
103264,Parioli,Flat,3,100,0,Upper,1,736.34,1400
102803,Piazza Navona,Flat,2,60,0,Upper,1,421.95,1500
105080,Prati,Flat,4,105,1,Upper,2,577.78,1550
102367,Cinecittà,Flat,3,70,1,Upper,2,136.39,750
102114,Prati,Flat,4,105,1,Upper,3,525.68,1600
105468,Trastevere,Flat,2,40,1,Upper,1,172.90,900
103508,EUR,Flat,2,40,1,Upper,5,302.97,650
102323,Monti,Flat,3,60,1,Upper,3,519.81,1200
105940,Marconi,Flat,2,60,1,Upper,3,619.66,900
103796,Parioli,Flat,4,140,1,Upper,5,918.19,2000
105902,Monti,Flat,2,40,1,Upper,1,404.78,750
105072,Cinecittà,Flat,3,95,1,Upper,1,393.79,850
102857,Collatino,Flat,4,105,1,Upper,3,682.43,1200
103159,Monte sacro,Flat,3,105,1,Upper,4,560.04,1100
102616,Parioli,Flat,3,85,1,Upper,4,676.19,1350
105076,Montagnola,Flat,3,90,0,Ground floor,0,431.18,1100
103074,Castelli Romani,Flat,2,50,1,Upper,1,259.37,450
102382,Piazza Navona,Flat,3,75,0,Upper,1,574.04,1700
102286,Testaccio,Flat,3,80,1,Upper,1,229.87,1250
105392,Prati,Flat,3,100,1,Upper,4,648.30,1700
105442,Parioli,Flat,2,80,0,Ground floor,0,497.83,1000
102985,Piazza Navona,Penthouse,2,80,1,Upper,5,851.26,1800
102858,Collatino,Flat,3,70,1,Upper,2,209.27,700
105677,Parioli,Flat,2,35,1,Ground floor,0,337.71,600
103566,Trigoria,Flat,2,35,1,Upper,1,79.70,450
101984,Castelli Romani,Flat,3,70,0,Upper,1,201.36,650
105264,Parioli,Flat,4,100,1,Upper,2,916.00,1300
104568,Monte sacro,Flat,3,85,1,Upper,2,538.07,850
103223,Collatino,Flat,3,85,1,Upper,7,308.02,1000
102378,Cassia,Flat,2,60,1,Ground floor,0,436.89,800
103803,Cassia,Flat,2,50,0,Upper,3,264.21,700
102446,Ostia,Flat,3,65,1,Ground floor,0,419.54,750
102335,Cinecittà,Flat,2,45,1,Upper,1,157.03,500
104706,Castelli Romani,Flat,2,70,1,Upper,1,73.46,750
104535,Marconi,Flat,3,100,1,Upper,1,312.54,1000
104245,EUR,Flat,3,80,1,Upper,4,254.93,950
103824,Termini,Flat,2,40,1,Ground floor,0,182.95,700
103445,Parioli,Flat,3,80,1,Upper,2,376.47,1200
102711,Piazza Navona,Flat,3,100,0,Upper,1,865.88,2100
102351,Castelli Romani,Flat,2,65,1,Upper,2,298.69,650
103813,Trigoria,Flat,2,55,1,Upper,2,138.90,700
105125,Cinecittà,Flat,3,80,0,Upper,1,326.55,950
105275,Piazza Navona,Flat,4,95,1,Upper,2,850.04,2050
103157,Collatino,Flat,2,75,1,Upper,2,355.91,850
102958,Termini,Flat,4,100,1,Upper,5,685.96,1500
102929,Marconi,Flat,3,90,0,Upper,3,442.37,1000
104530,Monte sacro,Penthouse,2,70,0,Upper,2,270.52,800
104997,Prati,Flat,3,70,0,Upper,1,374.51,1350
104817,Aventino,Flat,3,95,0,Upper,3,615.26,1550
105480,Piazza Navona,Flat,2,55,1,Upper,1,603.07,1200
105495,Piazza Navona,Flat,3,85,1,Mezzanine,"0.5",609.91,1550
103644,Collatino,Flat,2,55,1,Upper,3,210.64,650
103320,Monte sacro,Flat,2,75,0,Upper,5,486.27,800
102949,Infernetto,Flat,2,35,0,Ground floor,0,259.50,500
105444,EUR,Flat,2,80,1,Upper,4,309.01,850
102920,Cassia,Flat,4,105,1,Upper,4,461.27,1350
105786,Monti,Flat,3,65,1,Upper,3,335.99,1000
105066,Castelli Romani,Flat,3,90,1,Ground floor,0,214.39,650
104705,Cassia,Flat,2,45,1,Upper,3,424.55,600
103697,Infernetto,Flat,3,80,0,Upper,1,226.88,700
105423,EUR,Flat,3,100,0,Upper,6,428.74,1050
104127,Parioli,Flat,2,75,1,Upper,4,221.13,1100
104830,Cassia,Flat,3,75,1,Upper,1,516.76,900
104793,Marconi,Flat,2,85,1,Upper,6,245.32,900
102039,Parioli,Flat,3,75,1,Mezzanine,"0.5",460.84,1200
103347,Termini,Flat,3,65,1,Upper,2,335.89,950
103849,Cassia,Penthouse,3,75,1,Upper,4,333.30,850
102194,Castelli Romani,Flat,3,65,0,Upper,3,139.60,550
103414,Termini,Flat,4,105,1,Upper,2,567.03,1500
104009,Monte sacro,Flat,2,65,1,Ground floor,0,195.32,600
102290,Prati,Flat,3,60,1,Upper,2,376.06,1100
102223,Collatino,Flat,2,70,0,Ground floor,0,509.64,750
102652,Parioli,Flat,3,80,1,Upper,1,442.45,1250
104135,Marconi,Flat,4,95,1,Mezzanine,"0.5",461.29,1050
105803,Montagnola,Flat,3,80,0,Upper,2,479.56,1200
102941,Parioli,Flat,2,40,1,Upper,2,213.29,750
102788,Castelli Romani,Flat,3,85,0,Ground floor,0,143.65,650
103447,Parioli,Flat,3,60,1,Upper,2,312.38,1000
105166,Cassia,Flat,2,35,1,Ground floor,0,10.00,500
105108,Cinecittà,Flat,3,105,0,Mezzanine,"0.5",116.74,950
105928,Castelli Romani,Flat,3,65,1,Upper,2,208.75,400
105633,Monti,Flat,2,40,0,Upper,2,337.41,750
104146,Cinecittà,Flat,2,55,1,Mezzanine,"0.5",275.87,650
104929,Infernetto,Flat,2,70,1,Upper,2,272.64,700
105455,Magliana,Flat,3,75,1,Mezzanine,"0.5",237.49,700
102738,Monte sacro,Flat,4,90,1,Upper,2,337.57,1000
102892,Cinecittà,Flat,4,80,0,Upper,3,204.44,850
102720,Cassia,Flat,2,45,0,Upper,3,124.56,700
103719,Collatino,Flat,3,90,0,Upper,6,323.53,850
102389,Prati,Flat,3,110,0,Upper,5,678.41,1650
103066,Testaccio,Flat,2,65,0,Upper,3,368.93,1050
103385,Termini,Flat,3,75,1,Ground floor,0,321.07,1050
105606,Collatino,Flat,3,60,0,Upper,6,617.58,900
102981,Termini,Flat,2,75,1,Upper,2,273.41,1100
102015,Collatino,Flat,3,45,1,Upper,3,278.20,550
102339,Monte sacro,Flat,3,65,1,Upper,3,297.85,800
104790,Castelli Romani,Flat,3,100,1,Upper,1,44.20,800
103290,Montagnola,Flat,3,95,0,Upper,3,598.90,1350
105396,Parioli,Flat,2,50,1,Ground floor,0,283.45,750
105303,Collatino,Flat,2,85,1,Upper,3,56.00,800
105846,Parioli,Flat,3,90,1,Upper,2,364.40,1300
103710,Cassia,Flat,2,60,0,Upper,1,391.64,950
104068,Parioli,Flat,2,60,1,Upper,3,479.75,950
105365,Montagnola,Flat,3,90,1,Upper,1,365.03,1000
105738,Cinecittà,Flat,2,50,1,Ground floor,0,201.79,700
102411,Cassia,Flat,4,115,0,Upper,2,665.40,1500
104100,Prati,Flat,2,75,1,Upper,4,615.73,1200
103866,Piazza Navona,Flat,5,145,0,Upper,1,1052.64,2300
105875,Portuense,Flat,2,55,1,Upper,2,406.28,850
103812,Montagnola,Penthouse,3,85,1,Upper,7,397.09,1000
105211,Monti,Flat,2,40,1,Ground floor,0,491.84,750
102184,Cassia,Flat,3,60,0,Ground floor,0,183.18,900
103671,Monti,Flat,2,60,1,Upper,3,491.66,1250
103731,Collatino,Flat,2,75,1,Upper,6,255.83,700
102945,Cassia,Flat,5,180,1,Upper,4,1064.34,2250
104207,Trastevere,Flat,2,55,0,Upper,2,484.50,1050
104811,Parioli,Flat,3,90,0,Upper,1,702.30,1500
104623,Parioli,Flat,2,40,1,Ground floor,0,174.70,700
102886,Monte sacro,Flat,2,80,1,Upper,4,257.14,850
102964,Collatino,Flat,2,75,0,Upper,3,154.88,850
103207,Cassia,Flat,2,65,1,Upper,1,564.33,1050
105302,Monte sacro,Flat,2,45,0,Ground floor,0,282.28,650
102957,Parioli,Flat,3,70,0,Ground floor,0,561.59,1100
104042,Parioli,Flat,3,90,1,Ground floor,0,540.51,1450
105518,Prati,Flat,3,85,1,Upper,1,345.77,1250
103411,Cinecittà,Flat,2,60,1,Mezzanine,"0.5",170.45,550
105127,Collatino,Flat,2,30,1,Ground floor,0,248.04,450
103189,Marconi,Flat,4,115,1,Upper,6,536.73,1450
102730,Montagnola,Flat,2,65,1,Upper,2,429.16,800
102649,Monti,Flat,3,105,1,Upper,3,839.03,1650
105210,Parioli,Flat,3,85,1,Upper,1,344.08,1100
103745,Parioli,Flat,4,145,1,Upper,2,889.17,2000
105005,Cinecittà,Flat,2,15,1,Upper,1,246.52,350
103713,Monte sacro,Flat,3,65,1,Ground floor,0,322.92,750
104462,Monte sacro,Flat,3,95,1,Upper,3,242.92,900
102496,Termini,Flat,2,45,1,Upper,4,329.68,850
104677,Monte sacro,Flat,4,70,0,Ground floor,0,341.35,650
105883,EUR,Flat,3,90,1,Upper,4,395.34,950
105102,Prati,Flat,3,90,1,Upper,1,643.21,1350
102531,Cassia,Flat,2,30,1,Ground floor,0,165.05,500
104873,Cinecittà,Flat,3,65,1,Upper,3,145.21,800
104490,Castelli Romani,Flat,2,65,1,Upper,1,191.79,600
104366,Parioli,Flat,3,90,1,Upper,4,598.92,1500
105694,Piazza Navona,Flat,2,60,0,Upper,1,458.76,1300
102116,Prati,Flat,2,60,1,Upper,5,538.71,1100
105042,Montagnola,Flat,3,85,1,Upper,2,251.09,850
104436,Termini,Flat,5,145,1,Upper,2,690.47,1800
105068,Piazza Navona,Flat,2,60,0,Upper,2,516.97,1300
103070,Parioli,Flat,2,50,0,Upper,3,358.66,900
103676,Prati,Flat,2,70,0,Mezzanine,"0.5",304.95,1250
104470,Collatino,Flat,3,70,1,Upper,2,397.13,650
104717,Cassia,Flat,4,130,1,Upper,3,240.61,1500
105026,Piazza Navona,Flat,2,60,1,Upper,1,561.98,1600
103093,Montagnola,Flat,2,65,1,Upper,6,193.96,900
105815,Termini,Flat,2,65,1,Upper,3,404.78,1100
105750,Prati,Flat,2,70,1,Upper,2,325.44,1000
102797,Piazza Navona,Flat,3,100,1,Upper,5,1061.79,1900
105128,Parioli,Flat,3,90,1,Upper,4,820.42,1500
102601,Castelli Romani,Flat,2,55,1,Ground floor,0,131.29,450
104332,Monte sacro,Flat,2,75,1,Ground floor,0,265.99,750
105391,Prati,Flat,2,70,1,Upper,1,316.43,1000
104756,Magliana,Flat,3,55,1,Upper,3,322.61,650
103482,Marconi,Flat,4,80,1,Upper,7,407.58,950
103400,Castelli Romani,Penthouse,2,50,0,Upper,3,289.90,450
102561,Monte sacro,Flat,2,70,1,Upper,3,512.93,850
105330,Trastevere,Flat,2,55,1,Upper,1,364.37,1000
103336,Collatino,Flat,2,50,1,Ground floor,0,285.98,600
105304,Parioli,Flat,2,75,1,Upper,3,509.99,1350
103259,Cinecittà,Flat,2,40,1,Ground floor,0,591.66,500
103149,Infernetto,Flat,2,50,1,Ground floor,0,130.36,550
103672,Collatino,Flat,3,85,1,Upper,5,372.58,850
102705,Collatino,Flat,2,60,1,Ground floor,0,135.22,600
102456,Castelli Romani,Flat,2,50,1,Upper,2,152.50,450
102810,Castelli Romani,Flat,3,80,1,Upper,2,379.53,650
105800,Trastevere,Flat,3,75,1,Upper,2,538.39,1300
105795,Prati,Flat,4,85,1,Upper,1,672.00,1500
105041,Parioli,Flat,3,80,1,Upper,3,599.94,1500
105239,Parioli,Flat,3,70,1,Upper,2,377.43,1000
103033,Cassia,Flat,2,70,1,Mezzanine,"0.5",280.15,1000
102615,Ostia,Flat,4,110,1,Upper,3,408.28,1200
103046,Castelli Romani,Penthouse,3,80,1,Upper,5,304.28,750
103354,Cassia,Flat,2,75,1,Upper,4,289.79,1000
102695,Trigoria,Penthouse,2,60,0,Upper,2,213.47,600
102906,Parioli,Flat,5,195,1,Upper,3,1200.00,2500
104198,Castelli Romani,Flat,3,90,1,Upper,1,243.87,900
102502,Testaccio,Flat,3,50,1,Upper,2,563.44,900
103986,Prati,Flat,2,30,1,Upper,1,411.33,700
103118,Cassia,Flat,5,135,1,Upper,2,819.40,1900
102663,Collatino,Flat,2,60,1,Mezzanine,"0.5",305.53,600
102305,Parioli,Flat,3,95,0,Mezzanine,"0.5",644.47,1400
104331,Prati,Flat,2,65,0,Upper,2,251.86,1250
104743,Cinecittà,Flat,3,65,0,Upper,1,316.29,750
104061,Infernetto,Villa,3,70,1,Upper,1,482.56,750
103509,Cassia,Flat,2,65,1,Upper,2,482.95,1000
105058,Ostia,Flat,2,70,1,Upper,4,272.97,650
105906,Trastevere,Penthouse,2,50,1,Upper,5,298.87,1000
103843,Parioli,Flat,2,40,1,Ground floor,0,209.31,700
105097,Parioli,Flat,3,95,1,Upper,1,618.37,1300
102182,Piazza Navona,Penthouse,2,70,0,Upper,3,475.50,1550
104774,Parioli,Flat,3,105,1,Upper,2,782.76,1700
104338,Piazza Navona,Flat,2,50,1,Upper,3,505.92,1250
105257,EUR,Flat,2,45,1,Upper,3,181.09,800
102023,Cinecittà,Flat,2,75,1,Upper,3,428.70,850
102736,Trigoria,Flat,2,50,1,Ground floor,0,145.22,600
103412,Aventino,Flat,2,60,1,Upper,1,526.17,1200
102423,Parioli,Flat,2,50,1,Ground floor,0,536.56,950
105852,Montagnola,Flat,2,45,1,Upper,3,491.10,700
103974,Cassia,Flat,2,75,0,Upper,1,528.01,1000
102592,Trastevere,Flat,2,55,1,Upper,1,626.01,1150
105888,Piazza Navona,Flat,2,35,1,Upper,5,139.54,1050
105140,Cassia,Flat,2,85,1,Ground floor,0,394.30,1000
102281,Piazza Navona,Flat,2,65,1,Upper,3,491.34,1500
105614,Cassia,Flat,5,150,1,Upper,2,938.95,1900
104601,Cinecittà,Flat,2,40,1,Ground floor,0,311.68,550
103582,Collatino,Flat,2,70,1,Upper,2,338.41,750
102490,Collatino,Flat,3,70,0,Upper,1,176.01,750
103295,Castelli Romani,Flat,3,70,0,Upper,3,278.06,650
104434,Parioli,Flat,6,140,1,Upper,4,958.55,1850
103981,Castelli Romani,Flat,4,90,0,Upper,2,303.81,800
103894,Cassia,Penthouse,3,130,1,Upper,5,641.16,1650
102111,Monte sacro,Flat,3,100,1,Upper,2,325.79,1100
103289,Monti,Flat,3,80,0,Upper,2,577.02,1400
105446,Prati,Flat,2,70,1,Upper,2,348.87,1000
102578,Ostia,Flat,2,55,1,Upper,2,470.90,600
102430,Cinecittà,Flat,2,70,1,Upper,2,60.15,700
104036,Montagnola,Flat,2,50,1,Upper,2,218.06,650
102200,Marconi,Flat,2,70,0,Upper,4,337.61,850
103554,Castelli Romani,Flat,2,50,1,Mezzanine,"0.5",377.81,450
104798,Castelli Romani,Flat,3,65,1,Ground floor,0,406.23,450
104746,Trigoria,Flat,2,40,0,Ground floor,0,451.23,600
102076,Collatino,Flat,3,65,1,Upper,4,164.36,750
105936,Piazza Navona,Flat,3,50,1,Upper,4,429.15,1200
102146,Piazza Navona,Flat,2,85,0,Upper,1,739.19,1700
105158,Cinecittà,Flat,3,80,0,Upper,8,164.18,750
103805,Infernetto,Flat,2,35,1,Upper,2,306.00,450
102440,Portuense,Flat,4,110,1,Upper,3,608.17,1200
102558,Monti,Flat,4,145,1,Upper,4,967.07,2050
103127,Castelli Romani,Flat,3,85,1,Upper,2,76.97,650
103341,Trastevere,Flat,4,70,1,Upper,1,718.51,1300
103801,Castelli Romani,Flat,2,55,1,Upper,2,251.01,600
102219,Trigoria,Flat,2,40,1,Upper,2,323.26,450
102189,Monte sacro,Flat,2,65,1,Upper,2,88.38,750
102551,EUR,Flat,2,35,1,Ground floor,0,10.00,650
102477,Trastevere,Flat,2,60,1,Ground floor,0,453.72,600
103097,Marconi,Flat,2,70,1,Upper,6,247.50,800
104416,Castelli Romani,Penthouse,2,50,1,Upper,2,194.68,600
103311,Monte sacro,Flat,2,55,1,Upper,1,431.90,700
105937,Monte sacro,Flat,2,60,1,Upper,3,356.61,900
102374,Trastevere,Flat,2,50,1,Upper,1,254.26,1100
105646,Marconi,Flat,4,110,1,Upper,7,394.10,1100
103409,Cinecittà,Flat,3,55,0,Upper,1,242.01,600
105225,Monte sacro,Flat,2,40,1,Ground floor,0,303.56,600
105543,Castelli Romani,Flat,3,80,1,Mezzanine,"0.5",560.42,900
104035,Castelli Romani,Flat,5,135,0,Mezzanine,"0.5",484.22,1400
102678,Ostia,Flat,2,55,1,Ground floor,0,264.60,550
104574,Cinecittà,Flat,2,60,0,Upper,5,331.25,800
105512,Parioli,Flat,4,100,1,Ground floor,0,351.06,1500
102180,Castelli Romani,Flat,2,70,1,Ground floor,0,145.67,550
105319,Magliana,Flat,2,50,1,Upper,3,77.37,550
105377,Monti,Flat,2,65,1,Ground floor,0,392.45,1000
102148,Cassia,Penthouse,2,60,1,Upper,2,261.95,700
105819,Castelli Romani,Penthouse,2,40,0,Upper,2,322.11,500
102465,Monte sacro,Flat,2,65,1,Upper,1,60.05,750
104083,Cinecittà,Flat,2,60,1,Upper,3,200.67,700
103944,Castelli Romani,Flat,3,70,1,Upper,1,360.46,650
105704,Piazza Navona,Flat,2,55,1,Upper,1,577.75,1350
102064,Castelli Romani,Flat,4,80,1,Upper,2,212.51,750
102091,Infernetto,Flat,4,60,0,Upper,3,210.11,650
104619,Portuense,Flat,2,70,1,Upper,6,451.30,850
103679,Parioli,Flat,2,60,1,Ground floor,0,406.40,950
102353,Monti,Flat,3,80,1,Upper,3,569.02,1400
103570,Cinecittà,Flat,3,75,1,Upper,3,253.91,800
103358,Collatino,Flat,3,70,1,Upper,1,304.57,700
102255,Trastevere,Flat,3,70,1,Upper,2,447.49,1300
102944,Monti,Flat,2,65,1,Upper,5,586.28,1200
105658,Piazza Navona,Flat,2,65,1,Upper,4,360.48,1400
102526,Cinecittà,Flat,2,55,1,Upper,1,322.20,600
102637,Parioli,Flat,2,50,1,Ground floor,0,506.70,950
104910,Collatino,Penthouse,3,90,1,Upper,6,335.39,1150
104735,Cassia,Flat,3,60,1,Upper,3,253.40,1050
102075,Monte sacro,Flat,2,60,0,Ground floor,0,385.07,700
103078,Monte sacro,Flat,2,50,0,Upper,3,292.43,650
104324,Infernetto,Flat,3,65,0,Ground floor,0,335.40,750
103140,Collatino,Flat,3,80,1,Upper,7,366.79,1000
103669,Piazza Navona,Flat,4,105,1,Upper,2,871.70,1950
103016,EUR,Flat,4,130,0,Upper,2,712.07,1550
103148,Prati,Flat,2,50,0,Upper,7,251.81,1100
103530,Prati,Flat,3,90,1,Upper,3,449.07,1350
103900,Parioli,Flat,3,90,1,Upper,1,267.46,1450
102943,EUR,Flat,2,40,1,Ground floor,0,180.50,600
102930,Piazza Navona,Flat,5,170,1,Upper,4,1200.00,2250
104305,Monte sacro,Flat,2,70,1,Upper,2,176.47,850
103706,Infernetto,Flat,2,50,1,Ground floor,0,142.95,600
105611,Cinecittà,Flat,3,30,0,Ground floor,0,339.81,500
104078,Portuense,Flat,2,70,1,Upper,4,356.31,800
103777,Prati,Flat,2,110,1,Upper,2,696.86,1500
103684,Castelli Romani,Penthouse,4,95,0,Upper,2,338.01,750
103811,Prati,Flat,2,65,0,Upper,6,453.50,1200
104516,Cassia,Flat,2,60,0,Upper,2,80.21,1000
103492,Cinecittà,Flat,3,70,1,Upper,5,399.07,850
103738,Trigoria,Flat,2,50,0,Ground floor,0,10.00,550
103946,Monte sacro,Penthouse,3,80,0,Upper,7,374.89,850
104486,Parioli,Flat,2,90,1,Ground floor,0,576.57,1200
105012,Parioli,Flat,3,120,1,Upper,2,973.26,1700
105727,Castelli Romani,Penthouse,3,80,1,Upper,5,219.47,650
103571,Marconi,Flat,3,70,1,Upper,1,581.86,900
103338,Parioli,Flat,2,80,1,Upper,1,426.46,1250
105017,Monte sacro,Flat,2,70,1,Upper,1,266.02,700
103300,Collatino,Flat,2,75,1,Upper,2,245.50,750
104499,Termini,Flat,4,120,1,Upper,1,611.30,1700
102962,Magliana,Flat,3,85,0,Upper,5,386.02,900
104948,Marconi,Flat,4,95,0,Upper,2,370.33,1000
104097,Prati,Flat,2,55,0,Upper,4,374.03,1100
103569,Monte sacro,Flat,2,45,1,Ground floor,0,434.86,550
104073,Castelli Romani,Penthouse,2,65,1,Upper,2,134.23,500
105804,Parioli,Flat,4,125,0,Upper,1,522.26,1800
105762,Monte sacro,Flat,2,45,0,Upper,1,210.98,750
103316,Prati,Flat,3,100,0,Upper,6,692.13,1650
103968,Castelli Romani,Flat,3,65,1,Upper,1,10.00,450
102714,Piazza Navona,Flat,3,75,1,Upper,1,783.36,1600
105536,Piazza Navona,Flat,3,110,0,Upper,3,867.86,2200
105908,Testaccio,Flat,2,55,0,Upper,5,659.98,1000
105666,Castelli Romani,Flat,3,60,1,Upper,1,331.61,650
102716,Castelli Romani,Flat,2,75,0,Upper,1,271.65,700
104429,Termini,Flat,4,90,1,Upper,5,351.41,1250
102273,Collatino,Flat,3,70,1,Ground floor,0,323.14,700
103335,Infernetto,Flat,3,60,0,Upper,1,329.63,650
103244,Cassia,Penthouse,2,60,1,Upper,6,371.58,500
103323,Piazza Navona,Flat,5,140,1,Upper,1,1023.10,2300
103441,Montagnola,Flat,2,65,1,Upper,5,176.46,850
102955,Cinecittà,Flat,3,90,1,Upper,6,635.47,1100
103479,Cinecittà,Flat,3,80,0,Upper,1,99.65,750
104531,Monti,Flat,3,75,1,Upper,2,433.39,1350
103651,Cinecittà,Flat,2,30,1,Ground floor,0,195.52,450
105911,Cassia,Flat,2,60,1,Upper,1,426.23,600
104958,Trastevere,Flat,2,50,0,Upper,1,461.21,950
104918,Monti,Flat,2,35,1,Ground floor,0,305.47,750
105867,Piazza Navona,Flat,3,80,1,Ground floor,0,740.92,1500
102193,Castelli Romani,Penthouse,2,70,1,Upper,4,141.61,650
103246,Parioli,Flat,4,75,1,Upper,3,664.19,1200
104453,Marconi,Flat,2,50,0,Upper,5,318.00,700
103261,Monte sacro,Flat,2,70,0,Upper,3,94.53,850
103800,Cinecittà,Flat,3,100,1,Upper,4,566.85,1150
105466,Parioli,Flat,6,195,1,Upper,1,1200.00,2300
103664,Monte sacro,Flat,2,75,1,Upper,2,286.06,700
104533,Monte sacro,Flat,2,65,0,Upper,3,437.39,850
103588,Castelli Romani,Flat,3,80,1,Upper,3,217.96,750
103693,Cassia,Flat,2,45,1,Upper,1,227.03,650
105840,Aventino,Flat,2,50,0,Upper,1,372.80,950
105514,Castelli Romani,Flat,3,80,0,Upper,2,201.88,750
105806,Cassia,Flat,2,45,1,Ground floor,0,409.70,700
102420,Monti,Flat,2,80,0,Upper,2,607.69,1300
102109,Cassia,Flat,2,55,1,Upper,3,243.91,900
105260,Cinecittà,Flat,3,65,1,Upper,2,213.97,800
104266,Trigoria,Flat,2,45,1,Ground floor,0,353.09,450
102133,Prati,Flat,2,50,1,Upper,3,235.10,900
105465,Piazza Navona,Flat,3,100,0,Upper,2,512.73,1700
103630,Monti,Flat,2,65,0,Ground floor,0,447.68,1300
104359,Piazza Navona,Flat,2,40,1,Ground floor,0,353.19,1150
102096,Parioli,Flat,3,85,1,Upper,5,638.32,1300
103079,EUR,Flat,4,125,0,Upper,3,667.30,1500
105347,Infernetto,Flat,2,45,1,Upper,3,10.00,550
102731,Piazza Navona,Flat,2,70,1,Upper,2,700.57,1500
102471,Piazza Navona,Flat,2,60,1,Upper,4,607.30,1500
102843,Castelli Romani,Flat,2,55,1,Upper,1,117.03,400
104589,Parioli,Flat,2,80,1,Ground floor,0,624.44,1100
104309,Parioli,Flat,3,80,0,Ground floor,0,440.47,1100
102188,Parioli,Flat,5,165,1,Upper,2,1023.26,2100
104370,Castelli Romani,Flat,2,65,1,Upper,3,159.20,450
103141,Castelli Romani,Flat,5,110,1,Upper,1,394.58,1000
104250,Piazza Navona,Flat,2,70,1,Upper,3,649.25,1500
104872,Monti,Flat,2,40,1,Ground floor,0,425.80,1100
105665,Parioli,Flat,5,130,1,Upper,1,971.20,2100
105003,Marconi,Flat,2,55,1,Upper,8,409.76,850
104736,Piazza Navona,Flat,2,30,0,Upper,3,286.98,1100
105596,Monte sacro,Flat,3,100,1,Upper,1,247.03,1250
105967,Castelli Romani,Flat,3,80,0,Upper,1,201.77,550
102236,Parioli,Flat,3,70,1,Upper,5,482.30,1100
105081,Portuense,Flat,3,85,1,Upper,1,422.06,900
104396,Parioli,Flat,4,100,0,Ground floor,0,630.66,1450
104777,Collatino,Flat,2,45,0,Upper,3,132.06,650
104270,Trastevere,Flat,2,50,1,Upper,2,538.95,1150
103646,Marconi,Flat,2,70,1,Upper,4,290.42,750
105717,Parioli,Flat,3,115,1,Upper,4,615.43,1500
104303,Piazza Navona,Flat,2,65,1,Upper,3,565.50,1500
102591,Cassia,Flat,2,40,0,Mezzanine,"0.5",319.89,750
102777,Prati,Flat,2,65,1,Upper,6,355.19,1200
104982,Cinecittà,Flat,3,70,0,Ground floor,0,234.53,600
104860,Parioli,Flat,3,90,1,Mezzanine,"0.5",492.24,1500
104908,Castelli Romani,Flat,3,75,1,Mezzanine,"0.5",344.86,800
102432,Marconi,Flat,2,50,1,Upper,5,353.23,700
102408,Monte sacro,Flat,2,50,1,Ground floor,0,336.07,600
103215,Cinecittà,Flat,2,70,0,Upper,4,335.56,700
103724,Cinecittà,Flat,3,95,1,Upper,4,395.43,900
104215,Cinecittà,Flat,2,35,1,Ground floor,0,36.85,500
103823,Infernetto,Flat,2,60,1,Upper,1,436.07,650
103994,Castelli Romani,Flat,3,65,0,Mezzanine,"0.5",259.58,550
103746,Montagnola,Flat,4,80,1,Upper,1,290.90,1000
105789,Parioli,Flat,3,80,0,Upper,1,521.01,1050
103895,Piazza Navona,Flat,3,90,0,Upper,1,755.75,1650
102759,Montagnola,Flat,3,90,0,Upper,1,360.65,1000
105016,EUR,Flat,5,190,1,Upper,4,1162.39,2350
103936,Cinecittà,Flat,2,65,0,Upper,7,10.00,800
102530,Trastevere,Flat,2,75,0,Upper,1,543.94,1400
103847,Marconi,Flat,2,75,1,Upper,6,320.03,800
104060,Monte sacro,Flat,2,45,1,Mezzanine,"0.5",194.02,650
103190,Collatino,Flat,2,55,1,Upper,1,257.39,600
102654,Infernetto,Flat,2,55,1,Upper,3,464.99,650
102972,Termini,Flat,2,30,1,Ground floor,0,166.60,700
104369,Cassia,Flat,2,60,1,Ground floor,0,10.00,550
102573,Monte sacro,Flat,3,60,1,Ground floor,0,112.36,600
105524,Castelli Romani,Flat,3,80,1,Ground floor,0,193.25,650
103457,Infernetto,Flat,2,55,1,Mezzanine,"0.5",375.90,550
102543,Aventino,Flat,3,70,0,Upper,5,589.72,1400
102454,Marconi,Flat,2,75,0,Upper,1,221.58,850
102178,Parioli,Flat,4,100,1,Upper,1,631.57,1500
104572,Cinecittà,Flat,2,35,0,Upper,8,98.60,500
105020,Cinecittà,Flat,2,40,0,Ground floor,0,320.35,500
104439,Infernetto,Flat,2,65,0,Ground floor,0,449.69,700
103345,Trigoria,Flat,2,50,1,Upper,6,488.99,650
105404,Piazza Navona,Penthouse,2,75,1,Upper,6,433.68,1500
102427,Infernetto,Flat,3,60,0,Ground floor,0,10.00,650
103500,Collatino,Flat,3,75,1,Upper,2,359.85,850
104138,Cassia,Flat,3,75,1,Upper,1,256.15,1200
103729,Cassia,Flat,3,80,1,Upper,1,492.54,1200
102568,Ostia,Flat,2,55,1,Mezzanine,"0.5",435.95,650
103732,Cinecittà,Flat,3,85,1,Upper,4,428.72,900
102122,Cinecittà,Flat,2,55,0,Upper,4,237.22,650
105837,Aventino,Flat,2,40,1,Ground floor,0,144.39,800
103978,Monte sacro,Penthouse,5,70,1,Upper,4,355.52,850
102868,Castelli Romani,Flat,3,80,0,Upper,1,293.31,650
102504,Piazza Navona,Flat,3,85,1,Upper,3,702.20,1800
103124,Parioli,Flat,3,90,0,Upper,4,547.40,1350
103329,Marconi,Flat,2,70,0,Upper,3,95.70,750
105135,Termini,Flat,2,90,1,Upper,3,655.69,1400
103702,Parioli,Flat,2,55,1,Ground floor,0,387.08,900
101993,Infernetto,Flat,2,40,1,Ground floor,0,100.05,450
103208,Ostia,Flat,2,45,1,Upper,4,277.83,550
105896,Parioli,Flat,3,90,1,Upper,3,810.24,1500
102100,Collatino,Flat,2,60,1,Upper,8,162.97,700
104403,Cassia,Flat,2,70,0,Upper,1,151.64,850
103238,Termini,Flat,2,75,0,Upper,4,406.03,1100
105598,Piazza Navona,Flat,3,80,1,Upper,3,648.19,1500
103497,Cinecittà,Flat,2,70,1,Upper,6,241.03,700
102414,Montagnola,Flat,4,105,1,Upper,3,392.07,1150
102282,Monte sacro,Flat,3,60,0,Upper,5,367.42,750
102954,Ostia,Flat,2,55,0,Upper,3,118.52,700
101991,Castelli Romani,Flat,3,90,1,Mezzanine,"0.5",404.51,750
104156,Ostia,Penthouse,2,60,0,Upper,5,438.93,750
104273,Cinecittà,Flat,2,70,1,Upper,1,234.37,850
104768,Castelli Romani,House,3,60,1,Upper,1,356.32,450
104089,Monte sacro,Flat,3,110,1,Upper,1,640.93,1100
103597,Infernetto,Flat,2,55,1,Ground floor,0,220.98,600
104930,Castelli Romani,Flat,3,70,1,Upper,2,106.76,550
105496,Parioli,Flat,2,60,1,Upper,1,76.21,850
104398,Parioli,Flat,3,85,1,Upper,2,382.13,1200
104983,Castelli Romani,Flat,3,55,0,Upper,1,337.63,450
104327,Parioli,Flat,3,80,0,Upper,4,442.66,1400
105613,Cinecittà,Flat,3,60,1,Upper,2,227.77,750
102013,Infernetto,Flat,2,50,1,Ground floor,0,345.47,500
104946,Ostia,Flat,3,55,1,Upper,4,312.01,800
102265,Montagnola,Flat,3,70,1,Upper,3,440.30,1100
104949,Trastevere,Flat,2,45,0,Upper,1,225.31,950
103592,Infernetto,Flat,3,65,1,Ground floor,0,283.43,600
102085,Cinecittà,Flat,3,85,1,Upper,5,502.17,950
105566,Cinecittà,Flat,3,75,1,Upper,2,231.48,950
105946,Monte sacro,Flat,3,90,1,Upper,5,484.69,1100
105109,Collatino,Flat,4,105,1,Mezzanine,"0.5",443.39,1300
105416,Parioli,Flat,4,180,1,Upper,2,1131.61,2100
104994,Castelli Romani,Flat,3,80,1,Upper,4,244.93,700
105243,Cassia,Flat,5,170,1,Upper,3,1029.27,2200
102866,Cinecittà,Flat,2,65,1,Upper,2,239.64,700
102066,Cassia,Flat,2,60,1,Upper,2,69.65,750
104943,Piazza Navona,Flat,4,75,1,Mezzanine,"0.5",707.47,1850
102848,Prati,Flat,5,150,1,Upper,2,925.43,2000
104321,Termini,Penthouse,3,90,1,Upper,6,495.87,1350
102935,Parioli,Flat,2,70,1,Upper,4,472.61,1100
105301,Castelli Romani,Flat,2,55,0,Upper,1,201.68,600
103689,Monte sacro,Flat,2,65,1,Upper,1,94.33,750
103429,Castelli Romani,Flat,2,65,1,Upper,3,214.84,650
104766,EUR,Flat,2,60,0,Upper,3,176.60,1050
102385,Cassia,Flat,2,50,1,Upper,1,239.84,750
103641,Magliana,Flat,3,65,1,Upper,4,205.84,650
105262,Monte sacro,Flat,2,50,1,Mezzanine,"0.5",482.66,750
105082,Collatino,Flat,2,45,1,Mezzanine,"0.5",354.66,650
104645,Piazza Navona,Flat,2,65,1,Upper,3,770.06,1650
102048,Cinecittà,Flat,2,60,0,Upper,1,390.30,600
104874,Castelli Romani,Flat,2,60,0,Upper,1,126.93,600
104665,Prati,Flat,2,45,0,Upper,1,224.33,800
103761,Prati,Flat,3,90,1,Upper,2,732.69,1500
104974,Piazza Navona,Flat,3,95,1,Mezzanine,"0.5",1065.02,2050
104279,Piazza Navona,Penthouse,4,85,1,Upper,6,851.31,1950
103352,Prati,Penthouse,4,100,0,Upper,9,629.88,1550
102202,Piazza Navona,Flat,4,140,1,Upper,2,1111.89,2200
103906,Montagnola,Flat,2,50,0,Upper,1,293.75,750
105233,Termini,Flat,3,100,1,Upper,2,107.49,1250
105708,Monte sacro,Flat,3,40,0,Ground floor,0,471.04,700
105735,EUR,Flat,3,75,0,Upper,4,369.26,900
104081,Infernetto,Flat,2,55,1,Ground floor,0,10.00,500
105619,Parioli,Flat,2,75,1,Upper,2,419.11,1050
103913,Castelli Romani,Flat,2,50,0,Upper,4,227.76,400
105085,Parioli,Flat,2,70,1,Upper,1,611.25,1150
102982,Piazza Navona,Flat,3,75,1,Upper,3,674.53,1600
104056,Cinecittà,Flat,2,65,1,Upper,6,154.08,650
102832,Castelli Romani,Flat,3,80,1,Upper,2,208.71,750
103292,Termini,Flat,2,60,1,Upper,5,395.29,950
105382,Parioli,Flat,2,40,1,Ground floor,0,159.59,700
105050,Trastevere,Flat,2,40,1,Upper,3,397.31,850
102903,Cinecittà,Flat,2,40,0,Upper,3,10.00,550
102825,Trigoria,Penthouse,2,55,1,Upper,7,189.06,700
105805,Cassia,Flat,2,70,0,Ground floor,0,526.52,1200
102621,Trastevere,Flat,3,90,0,Ground floor,0,557.89,1500
104312,Monti,Flat,4,80,0,Ground floor,0,336.71,1300
104482,Cassia,Flat,2,60,1,Upper,2,674.03,1000
103052,Testaccio,Flat,3,85,1,Upper,2,327.04,1200
105588,Prati,Flat,2,70,1,Upper,7,182.22,950
104802,Parioli,Flat,2,70,1,Upper,2,94.39,1000
103081,Monte sacro,Flat,4,105,1,Mezzanine,"0.5",495.32,1250
103635,Cinecittà,Flat,3,95,0,Upper,3,344.83,900
103099,Cinecittà,Flat,2,40,1,Upper,1,186.14,500
104003,Trastevere,Flat,2,70,0,Mezzanine,"0.5",417.65,1200
102222,Parioli,Flat,6,165,1,Upper,2,884.92,2200
103171,Cinecittà,Flat,3,75,1,Upper,5,111.63,900
105660,Cinecittà,Flat,2,45,1,Upper,1,398.40,700
102386,Monte sacro,Flat,2,55,1,Upper,1,304.78,650
104237,Magliana,Flat,3,70,1,Upper,2,322.98,650
102308,Cassia,Flat,2,40,1,Ground floor,0,402.96,650
104232,Prati,Flat,4,105,1,Upper,2,449.54,1650
102108,Infernetto,Flat,3,60,1,Upper,2,334.30,650
102187,Piazza Navona,Flat,2,60,1,Upper,2,566.54,1500
103108,Termini,Flat,2,45,0,Upper,4,280.27,900
103863,Castelli Romani,Flat,2,70,1,Ground floor,0,373.54,650
103045,Infernetto,Flat,2,60,0,Upper,1,366.03,650
102309,Prati,Flat,2,50,1,Upper,1,386.26,1000
102227,Monte sacro,Flat,2,60,1,Upper,2,219.06,650
105500,Cinecittà,Flat,2,40,1,Upper,8,351.96,700
103854,Montagnola,Flat,2,65,1,Upper,1,241.00,850
104617,Piazza Navona,Flat,4,140,1,Upper,5,1134.68,2500
102651,Marconi,Flat,2,55,1,Upper,1,279.98,700
103113,Cinecittà,Flat,2,55,1,Upper,3,299.96,600
103185,Prati,Flat,5,160,1,Upper,1,1099.25,2200
104773,Parioli,Flat,2,45,1,Upper,4,528.09,1050
105728,Prati,Flat,3,50,1,Ground floor,0,102.15,800
102657,Piazza Navona,Flat,3,70,1,Upper,2,432.26,1600
103938,Piazza Navona,Flat,3,60,0,Upper,2,514.17,1400
103363,Termini,Flat,4,125,0,Upper,5,475.44,1700
105865,Collatino,Flat,3,80,0,Upper,5,393.44,950
105626,Parioli,Flat,3,120,1,Upper,1,838.95,1800
103531,EUR,Penthouse,2,50,1,Upper,8,368.47,700
103838,Parioli,Flat,4,95,1,Upper,1,468.12,1400
104175,Aventino,Flat,3,130,0,Upper,1,1043.35,2000
104871,Termini,Flat,3,115,1,Upper,4,692.01,1550
103395,Montagnola,Flat,2,40,1,Ground floor,0,265.50,500
104114,Parioli,Flat,3,70,1,Upper,3,341.82,1200
105812,Cinecittà,Flat,3,90,0,Upper,1,149.92,800
102061,Cinecittà,Flat,2,45,1,Upper,3,430.13,700
102883,Cassia,Penthouse,2,75,1,Upper,5,298.30,1000
104762,Collatino,Flat,4,65,1,Ground floor,0,224.61,600
104587,Prati,Flat,2,45,1,Ground floor,0,245.61,800
102727,Infernetto,Penthouse,3,70,1,Upper,3,305.38,700
105974,Monti,Flat,4,90,0,Ground floor,0,379.58,1300
105544,Prati,Flat,3,85,1,Upper,6,558.68,1200
102744,Trigoria,Flat,2,55,0,Ground floor,0,170.33,600
104502,Cinecittà,Flat,4,80,1,Upper,1,178.58,800
103109,Trastevere,Flat,2,65,1,Upper,1,641.48,1200
104771,Parioli,Flat,2,55,1,Upper,1,320.22,850
102534,Marconi,Flat,3,80,0,Upper,7,319.21,950
105296,Cassia,Flat,3,100,1,Upper,4,552.76,1150
105667,Monte sacro,Flat,4,145,1,Upper,3,609.51,1400
105603,Prati,Flat,2,35,1,Ground floor,0,73.96,600
102179,Cinecittà,Flat,2,55,0,Upper,2,111.26,600
105101,Prati,Flat,3,80,1,Upper,6,787.22,1500
103331,Prati,Flat,3,80,1,Ground floor,0,704.78,1350
103073,Piazza Navona,Flat,3,75,1,Upper,1,792.28,1650
104821,Piazza Navona,Flat,2,50,0,Upper,1,655.16,1500
102704,Castelli Romani,Flat,3,60,1,Upper,3,85.73,400
103564,Prati,Flat,4,105,0,Upper,4,648.62,1550
104841,Prati,Flat,3,80,0,Upper,5,353.96,1200
103102,Monti,Flat,3,75,1,Upper,3,615.65,1400
103424,Prati,Flat,2,75,1,Upper,6,549.42,1200
105386,Castelli Romani,Flat,2,75,0,Upper,1,342.26,600
104243,Monti,Flat,2,55,0,Ground floor,0,379.68,1000
104074,Trastevere,Flat,3,80,0,Upper,1,319.91,1400
102814,Piazza Navona,Flat,2,50,0,Upper,1,516.04,1300
104405,Piazza Navona,Flat,2,55,1,Upper,3,860.26,1450
105561,Portuense,Flat,3,70,1,Upper,2,568.07,1000
102514,Marconi,Flat,2,75,1,Upper,5,421.81,950
105971,Parioli,Flat,2,50,0,Ground floor,0,388.98,700
102772,Cinecittà,Flat,2,60,1,Ground floor,0,102.44,550
105589,Parioli,Flat,2,75,1,Upper,3,699.06,1350
104047,Castelli Romani,Flat,4,75,1,Ground floor,0,231.62,600
103314,Monti,Flat,2,55,1,Ground floor,0,431.88,1050
102563,EUR,Flat,3,90,1,Upper,6,387.45,1200
104190,Monti,Flat,2,50,1,Upper,2,314.85,1200
103402,Prati,Flat,3,110,1,Upper,3,749.03,1550
105576,Marconi,Flat,2,60,1,Upper,2,371.60,900
103851,Cinecittà,Flat,3,65,1,Upper,2,127.30,700
103312,Piazza Navona,Flat,2,85,1,Upper,4,650.67,1650
104951,Piazza Navona,Flat,2,60,0,Upper,2,764.60,1700
103722,Parioli,Flat,3,80,1,Upper,4,354.37,1200
105104,Cinecittà,Flat,3,105,1,Upper,4,263.72,950
104428,Parioli,Flat,2,85,0,Upper,4,362.37,1200
105764,Prati,Flat,3,90,1,Upper,1,445.96,1250
105972,Parioli,Flat,4,110,0,Upper,4,474.01,1400
104382,Cinecittà,Flat,3,75,1,Upper,3,256.29,700
105841,Parioli,Flat,4,135,0,Upper,1,979.83,2000
102190,Piazza Navona,Flat,3,75,0,Upper,3,792.38,1650
104941,Cassia,Flat,3,70,1,Upper,1,333.03,900
102648,Castelli Romani,Flat,3,75,1,Upper,3,137.93,700
105748,Monti,Flat,2,60,1,Ground floor,0,429.16,1000
103740,Monti,Flat,2,65,1,Upper,3,624.47,1300
103267,Collatino,Flat,2,45,1,Upper,7,165.36,600
105980,Castelli Romani,Flat,3,70,1,Ground floor,0,79.96,700
102899,Monte sacro,Flat,3,65,1,Ground floor,0,272.95,750
102917,Ostia,Flat,3,60,1,Upper,4,282.37,700
105860,Parioli,Flat,5,200,1,Upper,2,888.56,2300
102457,Testaccio,Flat,3,60,0,Upper,4,212.45,1050
103642,Prati,Flat,4,110,1,Upper,1,780.92,1750
104212,Parioli,Flat,2,70,1,Upper,4,505.84,1050
103698,Castelli Romani,Flat,4,115,1,Mezzanine,"0.5",449.73,1200
104578,Collatino,Flat,2,60,1,Upper,5,106.64,800
105782,Termini,Flat,3,80,1,Upper,2,150.74,1000
104879,Cinecittà,Flat,2,55,1,Upper,8,471.73,750
103536,Cassia,Flat,2,45,0,Ground floor,0,319.27,600
104776,Infernetto,Flat,3,80,1,Upper,3,347.66,700
105433,Cassia,Flat,4,110,0,Upper,1,712.60,1550
102557,Cassia,Flat,3,55,1,Ground floor,0,282.44,900
104107,Cinecittà,Flat,2,60,1,Upper,3,358.49,550
104039,Cinecittà,Flat,2,65,1,Upper,2,272.63,600
105292,Castelli Romani,Flat,3,75,1,Upper,2,288.14,500
102145,Piazza Navona,Flat,2,60,0,Upper,3,668.41,1400
103430,Monte sacro,Flat,2,65,1,Upper,1,403.21,750
102887,EUR,Flat,2,50,0,Upper,1,319.99,750
105489,Termini,Flat,2,50,1,Upper,1,125.99,700
102168,Prati,Flat,2,70,0,Upper,1,556.47,1200
104417,Piazza Navona,Flat,5,100,0,Upper,3,833.47,1800
104230,Prati,Flat,2,60,1,Upper,5,262.93,950
103142,Ostia,Flat,3,70,0,Ground floor,0,329.07,800
103711,Cinecittà,Flat,3,75,1,Upper,3,147.22,700
105645,Collatino,Flat,2,50,0,Upper,2,465.51,750
102244,Piazza Navona,Flat,4,105,1,Upper,1,927.40,1950
103408,Collatino,Flat,3,70,1,Upper,1,259.78,700
103229,Cassia,Flat,2,55,1,Ground floor,0,208.06,850
105133,Parioli,Flat,3,60,0,Upper,1,386.42,1100
103957,Monti,Flat,4,120,1,Upper,1,756.08,1900
102852,Castelli Romani,Flat,3,70,1,Mezzanine,"0.5",255.13,550
102343,Piazza Navona,Flat,4,135,1,Upper,3,1007.23,2200
103964,Piazza Navona,Flat,2,65,1,Upper,1,628.62,1450
104201,Cinecittà,Flat,2,60,1,Upper,4,332.56,750
103654,Castelli Romani,Penthouse,3,75,1,Upper,4,121.97,650
105171,Monti,Flat,3,75,1,Upper,1,633.68,1500
104217,Piazza Navona,Flat,5,160,1,Upper,2,1194.02,2500
103432,Collatino,Flat,2,65,0,Upper,4,231.80,800
105069,Castelli Romani,Penthouse,2,55,1,Upper,3,257.57,600
103517,Monte sacro,Flat,3,90,1,Upper,4,221.21,950
105784,Monti,Flat,4,110,1,Upper,5,923.19,2000
103992,Cinecittà,Flat,2,70,0,Upper,3,420.44,850
102269,Trigoria,Flat,2,35,1,Ground floor,0,219.56,450
105437,Termini,Flat,2,45,1,Upper,1,168.62,650
104173,Piazza Navona,Flat,2,50,1,Upper,1,764.67,1500
103018,Castelli Romani,Flat,2,60,1,Ground floor,0,213.39,500
103003,Monti,Flat,4,155,1,Upper,3,1045.05,2200
103465,Prati,Flat,3,85,0,Upper,3,601.01,1300
105517,Termini,Flat,3,80,1,Upper,4,469.88,1050
105744,Collatino,Flat,2,50,1,Ground floor,0,175.44,600
102249,Parioli,Flat,2,50,0,Mezzanine,"0.5",328.41,850
103150,Cinecittà,Flat,2,70,0,Upper,2,197.40,750
105713,Cassia,Flat,5,150,1,Upper,1,797.16,1900
102128,Collatino,Flat,2,55,1,Upper,8,335.29,650
103979,Cassia,Flat,2,55,0,Ground floor,0,130.99,700
102390,Termini,Penthouse,3,55,1,Upper,5,341.64,950
104408,Monte sacro,Flat,4,75,1,Upper,5,448.59,850
105440,Cassia,Flat,2,60,1,Upper,3,443.60,850
104062,Cinecittà,Flat,4,95,1,Upper,1,541.31,950
105921,Parioli,Flat,3,90,1,Upper,3,639.54,1500
103758,Cinecittà,Flat,2,65,0,Upper,1,409.46,700
102532,Termini,Flat,3,80,1,Upper,4,470.99,1200
103192,Infernetto,Flat,2,55,1,Mezzanine,"0.5",308.14,500
103366,Cassia,Flat,2,30,0,Ground floor,0,207.01,500
104529,Monti,Flat,2,50,1,Upper,3,504.79,1200
105045,Collatino,Flat,2,55,0,Upper,5,48.02,700
102307,Collatino,Flat,3,80,1,Upper,1,363.56,850
103858,Piazza Navona,Flat,2,55,0,Upper,2,621.17,1300
105037,Monti,Flat,2,65,1,Upper,1,315.91,1000
105065,Collatino,Flat,3,70,0,Ground floor,0,266.73,800
104498,Castelli Romani,Flat,2,70,0,Upper,1,358.41,650
105740,Collatino,Flat,2,60,1,Upper,1,182.64,850
104640,Monte sacro,Flat,3,70,0,Upper,3,306.25,950
103041,Monte sacro,Flat,2,65,0,Upper,5,277.01,750
105323,Ostia,Flat,3,85,0,Upper,3,113.95,800
102662,Collatino,Flat,3,85,1,Upper,4,540.56,900
103840,Cinecittà,Flat,2,70,1,Upper,1,10.00,750
104767,Monti,Flat,2,65,1,Upper,5,359.86,1100
104939,Parioli,Flat,3,70,0,Upper,2,359.67,1200
105858,Parioli,Flat,3,45,1,Ground floor,0,420.31,1200
102521,Cinecittà,Flat,3,90,1,Upper,2,298.52,900
103983,Trastevere,Flat,3,80,0,Upper,4,493.48,1400
103619,Cinecittà,Flat,3,75,1,Upper,3,365.56,800
105318,Piazza Navona,Flat,2,75,1,Upper,1,655.41,1500
103381,Cinecittà,Flat,2,55,1,Upper,1,314.97,600
104742,Trastevere,Flat,2,50,1,Upper,5,304.92,1300
105568,Parioli,Flat,2,70,1,Upper,1,491.17,1300
105948,Prati,Flat,3,115,0,Upper,4,424.19,1450
103852,Cassia,Flat,3,70,1,Mezzanine,"0.5",485.94,1050
105864,Parioli,Flat,3,110,0,Upper,3,532.06,1600
103401,Monte sacro,Penthouse,3,70,0,Upper,5,474.86,850
105798,Prati,Flat,3,45,1,Ground floor,0,239.39,800
103580,Monte sacro,Flat,2,50,1,Ground floor,0,253.52,600
103939,Cinecittà,Flat,2,50,1,Upper,1,383.88,600
103667,EUR,Flat,2,45,1,Ground floor,0,142.86,750
102416,Portuense,Flat,2,60,1,Upper,5,217.63,750
105616,Infernetto,Flat,3,55,1,Ground floor,0,355.32,600
103147,Parioli,Flat,2,65,1,Upper,1,248.85,1100
105777,Prati,Flat,3,80,1,Upper,2,420.96,1450
105637,Montagnola,Flat,3,70,1,Upper,2,300.13,900
105291,Piazza Navona,Flat,3,100,1,Upper,2,949.69,1900
104154,Parioli,Flat,5,150,1,Ground floor,0,717.88,1950
104567,Prati,Flat,3,90,1,Upper,5,655.65,1400
104953,Infernetto,Flat,3,65,1,Upper,2,318.37,650
102137,Monte sacro,Flat,2,70,1,Upper,1,269.39,750
103203,Piazza Navona,Flat,2,65,1,Upper,3,548.78,1500
102327,Collatino,Flat,4,100,1,Upper,2,84.65,1000
103373,Cinecittà,Flat,2,65,0,Upper,3,252.60,750
102828,Monte sacro,Flat,5,60,1,Ground floor,0,272.58,750
105834,Castelli Romani,Flat,2,50,0,Upper,2,221.62,650
104783,Infernetto,Villa,2,60,0,Upper,1,457.24,700
105398,Termini,Penthouse,2,50,1,Upper,3,238.76,1000
103334,Cassia,Penthouse,4,145,1,Upper,5,944.95,1800
104365,Ostia,Flat,2,60,0,Upper,3,330.81,800
102231,Monte sacro,Flat,3,75,0,Upper,1,237.58,900
103845,Parioli,Flat,3,90,1,Upper,5,490.79,1300
105415,Castelli Romani,Flat,3,75,0,Upper,3,10.00,500
105953,Montagnola,Flat,2,85,0,Upper,4,309.43,950
103116,Infernetto,Flat,3,65,1,Ground floor,0,152.37,650
102860,Prati,Flat,4,130,1,Upper,3,856.04,1800
102778,Prati,Flat,3,100,0,Upper,1,562.67,1500
102400,Infernetto,Penthouse,3,75,1,Upper,2,348.17,750
104307,Monti,Flat,3,80,1,Upper,4,542.33,1400
102115,Parioli,Flat,2,40,1,Upper,2,584.10,800
104268,Parioli,Flat,3,85,1,Upper,5,511.03,1150
103660,Trigoria,Flat,2,50,1,Ground floor,0,210.20,550
102361,Parioli,Flat,4,140,1,Upper,1,739.66,1700
103638,Collatino,Flat,2,65,0,Upper,5,156.38,800
103928,Parioli,Flat,4,120,1,Upper,2,545.67,1600
103472,Monte sacro,Flat,3,70,0,Upper,3,259.16,850
105790,Trastevere,Flat,2,80,0,Upper,1,553.02,1600
103344,Parioli,Penthouse,3,95,0,Upper,8,378.54,1400
103779,Piazza Navona,Flat,2,100,1,Upper,1,769.08,1800
102494,Prati,Flat,3,80,1,Upper,1,551.35,1300
105919,Parioli,Flat,3,130,1,Upper,3,827.75,1750
102053,Collatino,Flat,2,70,1,Upper,6,50.85,800
104278,Cinecittà,Flat,2,45,1,Ground floor,0,10.00,550
105966,Infernetto,Flat,2,40,1,Upper,3,204.33,650
105413,Cassia,Flat,3,60,1,Ground floor,0,255.37,850
105904,Piazza Navona,Flat,3,110,0,Upper,2,832.52,1900
104985,Cinecittà,Flat,3,55,1,Ground floor,0,349.77,700
102851,Parioli,Flat,3,100,0,Upper,1,670.22,1500
104048,Parioli,Flat,5,200,1,Upper,1,1200.00,2550
105032,Prati,Flat,3,90,0,Upper,4,312.65,1400
104854,Infernetto,Flat,2,55,1,Upper,3,330.69,700
102247,Parioli,Flat,4,100,1,Mezzanine,"0.5",687.25,1500
104176,Cassia,Flat,2,65,1,Upper,4,461.61,1000
104558,Infernetto,Flat,3,100,0,Upper,1,381.19,850
104342,Ostia,Flat,3,70,0,Upper,1,260.83,750
105734,Marconi,Flat,3,105,1,Upper,5,591.65,1400
104950,Trastevere,Flat,2,55,1,Upper,1,362.18,1000
102492,Parioli,Flat,5,200,0,Upper,4,1099.43,2500
105313,Trigoria,Flat,2,45,0,Upper,1,297.13,650
102208,Collatino,Flat,3,50,1,Ground floor,0,116.22,550
104106,Parioli,Flat,3,95,1,Upper,4,506.64,1400
104145,Prati,Flat,3,105,1,Upper,3,694.94,1650
103254,Parioli,Flat,3,70,0,Mezzanine,"0.5",398.11,1050
102644,Marconi,Flat,2,80,1,Upper,4,369.79,950
105209,Cassia,Flat,3,85,1,Upper,1,512.61,1100
104944,Cinecittà,Flat,3,95,1,Upper,6,470.98,1200
102406,Montagnola,Flat,2,95,1,Upper,2,287.87,1100
103870,Collatino,Flat,2,60,0,Ground floor,0,167.60,600
103406,Collatino,Flat,3,70,1,Upper,1,489.93,700
104919,Montagnola,Flat,2,60,0,Ground floor,0,170.13,700
104889,Monte sacro,Penthouse,2,55,0,Upper,4,323.03,800
102996,Monte sacro,Flat,2,70,0,Upper,2,335.06,850
102093,Parioli,Flat,4,115,0,Ground floor,0,898.37,1650
102121,Piazza Navona,Flat,2,55,1,Upper,3,388.04,1350
105774,Monti,Flat,2,65,1,Ground floor,0,397.03,1000
104680,Monti,Flat,2,60,0,Upper,3,249.42,850
104956,Piazza Navona,Flat,3,90,1,Upper,5,791.05,2000
104458,Prati,Flat,2,50,1,Upper,1,180.60,950
102271,Collatino,Flat,2,70,0,Upper,4,148.86,750
102965,Piazza Navona,Penthouse,2,50,0,Upper,4,673.54,1500
104683,Trastevere,Flat,3,55,1,Upper,2,475.69,1100
102987,Collatino,Flat,3,80,1,Upper,6,663.04,1000
104204,Collatino,Flat,2,65,0,Upper,1,241.63,800
105369,EUR,Flat,3,100,1,Ground floor,0,347.99,1050
105394,Parioli,Flat,2,40,1,Ground floor,0,338.06,650
103685,Monti,Flat,2,40,0,Upper,1,636.10,1000
101998,Collatino,Flat,2,75,1,Upper,3,210.62,750
104654,Parioli,Flat,2,45,0,Ground floor,0,168.04,750
102983,Cinecittà,Penthouse,2,60,1,Upper,5,231.28,600
104326,Termini,Flat,3,65,1,Upper,3,460.30,1200
103012,Castelli Romani,Flat,3,70,1,Upper,2,221.80,600
105680,Trastevere,Flat,2,70,1,Upper,2,261.59,1100
105013,Parioli,Flat,2,50,1,Upper,2,103.72,1100
103255,Termini,Penthouse,4,125,1,Upper,5,816.45,1700
102607,Cassia,Flat,2,75,0,Upper,1,396.59,1000
102163,Testaccio,Flat,2,50,1,Upper,2,189.22,950
105502,Prati,Flat,2,35,1,Ground floor,0,254.38,600
105630,Parioli,Flat,4,140,0,Upper,4,808.55,2000
104595,Cinecittà,Flat,4,75,1,Upper,5,318.13,800
103100,Castelli Romani,Flat,3,90,1,Upper,2,89.90,650
102447,Cinecittà,Flat,2,70,1,Mezzanine,"0.5",202.97,700
105599,Piazza Navona,Flat,2,75,0,Upper,1,862.15,1800
102501,Monte sacro,Flat,2,50,1,Ground floor,0,157.03,600
102001,Collatino,Flat,3,45,1,Upper,3,186.45,550
102173,Cinecittà,Flat,3,75,1,Upper,5,147.90,800
105074,Cinecittà,Flat,3,90,1,Upper,3,90.76,850
105770,Collatino,Flat,2,40,1,Mezzanine,"0.5",170.15,650
102280,Piazza Navona,Flat,4,100,1,Upper,2,633.26,1900
105073,Marconi,Flat,4,120,1,Upper,1,284.88,1200
104537,Infernetto,Flat,2,55,0,Upper,3,15.79,650
102157,Monte sacro,Flat,3,65,0,Upper,6,395.33,750
103383,Cassia,Flat,2,40,1,Ground floor,0,244.69,600
102635,Monti,Flat,2,50,1,Upper,1,429.08,1050
102276,Monte sacro,Flat,3,100,1,Upper,6,335.72,1150
102405,Trastevere,Flat,2,70,1,Upper,3,460.97,1150
104734,Aventino,Flat,3,85,0,Ground floor,0,540.72,1450
103827,Piazza Navona,Flat,4,140,1,Upper,3,1200.00,2500
103631,Cinecittà,Flat,3,80,1,Upper,2,324.51,750
104987,Monte sacro,Flat,3,90,1,Upper,1,415.57,850
104449,Castelli Romani,Flat,3,70,1,Upper,2,414.10,500
104819,Prati,Flat,2,45,0,Upper,1,141.82,750
103547,Piazza Navona,Flat,2,50,0,Upper,4,446.07,1300
103991,Cinecittà,Flat,2,70,0,Upper,3,231.08,850
103426,Termini,Flat,2,65,1,Upper,4,82.98,1000
105103,Parioli,Flat,3,85,1,Upper,1,542.10,1100
105448,Parioli,Flat,2,80,1,Upper,4,527.42,1150
105405,Trastevere,Flat,2,70,1,Upper,1,294.21,1200
104492,Cinecittà,Flat,3,80,1,Upper,3,62.12,800
105885,Trastevere,Flat,3,75,1,Upper,3,695.27,1600
103567,Collatino,Flat,3,80,1,Upper,3,50.43,800
103943,Infernetto,Flat,2,45,0,Upper,2,256.44,550
104750,Castelli Romani,Flat,3,75,1,Upper,3,431.06,800
104300,Cinecittà,Flat,2,70,1,Upper,1,362.52,850
105419,Montagnola,Flat,2,70,0,Upper,2,367.47,900
103997,Prati,Flat,3,90,0,Upper,1,425.45,1400
105174,Cinecittà,Flat,3,100,1,Upper,4,10.17,950
105484,Cassia,Flat,4,130,1,Upper,3,512.62,1500
102812,EUR,Flat,4,130,1,Upper,2,758.45,1600
105234,Parioli,Flat,4,105,1,Upper,3,476.03,1450
105501,Parioli,Flat,2,65,1,Upper,3,82.73,1000
105975,Aventino,Flat,2,55,1,Upper,2,527.90,1200
105284,Infernetto,Flat,2,55,1,Upper,1,216.14,700
104401,Parioli,Flat,3,90,1,Upper,4,635.31,1500
102934,Castelli Romani,Penthouse,2,80,0,Upper,2,186.30,700
102040,Collatino,Flat,3,80,0,Upper,3,377.56,800
104703,Parioli,Flat,2,60,1,Upper,3,392.72,900
103832,Magliana,Flat,2,55,0,Upper,1,468.97,650
104964,Trastevere,Flat,2,65,0,Upper,1,545.30,1200
102624,Aventino,Flat,2,55,0,Upper,2,321.12,1200
103534,Parioli,Flat,6,125,1,Upper,1,789.46,1850
102699,Portuense,Flat,4,110,1,Upper,4,413.83,1200
102811,Prati,Flat,4,110,1,Upper,6,526.31,1650
103541,EUR,Flat,3,90,0,Upper,8,415.48,1000
102475,Marconi,Flat,2,50,1,Upper,9,105.75,700
102579,Piazza Navona,Flat,2,50,0,Upper,3,563.16,1400
105114,Prati,Flat,4,100,1,Upper,2,780.09,1700
104280,Parioli,Flat,5,125,1,Upper,3,936.43,1850
103023,Castelli Romani,Flat,3,60,0,Upper,1,148.33,550
102572,Trastevere,Flat,2,50,1,Upper,2,227.17,1000
104534,Castelli Romani,Flat,3,75,0,Upper,1,181.66,650
104285,Prati,Penthouse,3,100,1,Upper,6,669.26,1650
105964,Castelli Romani,House,3,75,1,Upper,1,192.24,400
103327,Castelli Romani,Flat,2,65,1,Upper,1,308.22,650
102947,Castelli Romani,Flat,4,100,1,Upper,1,512.21,800
102878,Collatino,Flat,3,60,1,Upper,2,370.93,600
103680,Piazza Navona,Flat,2,65,0,Upper,1,669.57,1550
102990,Castelli Romani,Flat,2,40,1,Upper,2,89.34,500
103533,Cassia,Flat,5,110,0,Upper,1,663.02,1350
102861,Termini,Flat,3,75,0,Upper,1,432.12,1050
103967,Prati,Flat,4,70,1,Ground floor,0,542.09,1300
103886,EUR,Flat,2,40,0,Mezzanine,"0.5",230.41,600
104851,Cinecittà,Flat,2,50,1,Ground floor,0,192.22,600
102313,Monti,Flat,3,55,1,Upper,3,324.09,1100
104481,Collatino,Flat,3,65,1,Upper,1,482.39,800
102567,Parioli,Flat,2,50,1,Ground floor,0,339.11,900
105036,Collatino,Flat,2,30,0,Ground floor,0,137.91,450
104770,Prati,Flat,3,90,1,Upper,3,472.30,1350
103595,Cinecittà,Flat,3,80,1,Upper,1,351.64,900
102177,Cinecittà,Flat,2,65,0,Upper,1,297.55,750
102117,Piazza Navona,Flat,2,60,1,Upper,1,566.88,1500
103725,Cinecittà,Flat,2,55,1,Upper,4,234.71,650
102696,Monti,Flat,3,75,1,Upper,6,602.76,1400
105924,Termini,Flat,2,60,0,Upper,1,438.07,1100
102059,Cinecittà,Flat,3,85,0,Upper,6,277.91,950
103357,Infernetto,Flat,2,60,1,Upper,3,166.54,550
102030,Monte sacro,Flat,2,55,1,Upper,1,376.57,750
105383,Prati,Flat,2,40,1,Ground floor,0,10.00,700
102879,Cassia,Flat,2,60,1,Ground floor,0,426.93,850
105707,Parioli,Flat,4,100,0,Upper,2,714.57,1500
103891,Cinecittà,Flat,4,95,1,Upper,5,390.04,900
103194,Termini,Flat,3,90,1,Upper,3,436.74,1500
104820,Infernetto,Flat,2,65,1,Ground floor,0,266.44,500
104647,Infernetto,Flat,3,80,1,Upper,2,180.92,750
103489,Collatino,Flat,2,75,0,Upper,2,294.19,600
104267,Monte sacro,Flat,4,80,1,Upper,1,388.05,750
104165,Parioli,Flat,2,85,1,Upper,4,547.34,1200
105963,Parioli,Flat,2,50,1,Ground floor,0,131.16,700
103296,Prati,Flat,3,75,0,Mezzanine,"0.5",462.79,1250
105451,Parioli,Flat,2,45,1,Mezzanine,"0.5",248.47,750
105617,Castelli Romani,Flat,4,75,1,Upper,1,194.91,500
103169,Castelli Romani,Flat,3,70,1,Upper,2,110.16,550
102839,Collatino,Flat,2,45,0,Upper,3,235.95,550
103548,Infernetto,Flat,2,60,0,Upper,3,247.69,650
102913,Monte sacro,Flat,2,75,1,Upper,3,384.00,750
104018,Infernetto,Flat,2,60,1,Ground floor,0,87.75,450
104012,Monti,Flat,2,45,1,Ground floor,0,112.42,850
104633,Marconi,Flat,2,75,0,Upper,4,423.22,900
103164,Ostia,Flat,2,65,0,Upper,3,253.67,700
102274,Cinecittà,Flat,2,60,1,Ground floor,0,46.82,650
105766,Castelli Romani,Flat,3,105,1,Ground floor,0,221.24,1050
103674,Collatino,Flat,2,60,0,Upper,6,272.27,750
104024,Castelli Romani,Flat,3,80,0,Upper,1,350.17,650
102877,Infernetto,Flat,2,45,0,Ground floor,0,408.23,500
102081,Collatino,Flat,3,100,1,Upper,5,538.89,1200
103365,Castelli Romani,Flat,2,55,0,Mezzanine,"0.5",144.67,400
104752,Cinecittà,Flat,3,70,1,Upper,1,385.10,800
104991,Infernetto,Flat,3,70,1,Upper,2,526.72,600
102763,Monte sacro,Flat,3,90,1,Upper,5,436.11,950
105758,Prati,Flat,5,125,1,Upper,1,819.51,1600
105463,Collatino,Flat,4,95,1,Upper,6,432.70,950
102363,Montagnola,Penthouse,4,80,1,Upper,6,521.28,1050
102029,Cinecittà,Flat,2,55,0,Upper,1,337.80,600
103618,Collatino,Flat,3,60,1,Upper,5,259.03,750
102513,Montagnola,Penthouse,2,70,1,Upper,8,378.59,800
104438,Castelli Romani,Flat,3,60,0,Upper,1,161.08,400
102574,Cinecittà,Penthouse,3,70,1,Upper,5,335.84,800
105944,Piazza Navona,Flat,3,95,0,Upper,1,958.05,2050
104168,Parioli,Flat,3,75,1,Upper,2,430.20,1300
105113,Trastevere,Flat,2,55,1,Upper,2,264.54,1000
104241,Piazza Navona,Flat,2,45,1,Upper,4,543.98,1500
104509,Piazza Navona,Flat,5,40,0,Upper,4,405.88,1200
103450,Collatino,Flat,3,75,1,Upper,2,267.88,850
103789,Testaccio,Flat,4,130,0,Ground floor,0,659.00,1850
105791,Piazza Navona,Flat,2,75,0,Upper,2,664.83,1500
102289,Parioli,Flat,5,100,1,Upper,1,656.34,1500
103559,Castelli Romani,Flat,4,120,1,Upper,1,429.53,1200
103494,Cinecittà,Flat,3,60,1,Upper,2,273.74,700
102487,Parioli,Flat,3,90,1,Upper,3,581.36,1350
102453,Monte sacro,Flat,2,55,0,Upper,5,264.22,600
105684,Piazza Navona,Flat,2,55,1,Upper,1,515.56,1250
105231,Cinecittà,Flat,3,80,0,Upper,2,442.78,800
103658,Prati,Flat,4,95,1,Upper,3,640.54,1500
102134,Collatino,Flat,3,95,1,Upper,1,400.68,1000
103209,Prati,Flat,2,30,0,Upper,1,221.11,800
102020,Collatino,Flat,2,55,1,Upper,2,394.39,600
104571,Parioli,Flat,2,40,1,Ground floor,0,276.25,700
